slide_id,level,height,width,origin_x,origin_y
TCGA-PE-A5DD-01A-01-TSA.B71D5B6B-7526-4C1F-B656-2F5A8B8F3086,2,1024,1024,1024,445
TCGA-PE-A5DD-01A-01-TSA.B71D5B6B-7526-4C1F-B656-2F5A8B8F3086,2,1024,1024,5120,0
TCGA-PE-A5DD-01A-01-TSA.B71D5B6B-7526-4C1F-B656-2F5A8B8F3086,2,1024,1024,5120,445
TCGA-PE-A5DC-01A-01-TS1.025C5684-F580-4622-877A-B7E9EC383E0F,2,1024,1024,1024,1024
TCGA-PE-A5DC-01A-01-TS1.025C5684-F580-4622-877A-B7E9EC383E0F,2,1024,1024,1024,2048
TCGA-PE-A5DC-01A-01-TS1.025C5684-F580-4622-877A-B7E9EC383E0F,2,1024,1024,1024,2534
TCGA-PE-A5DC-01A-01-TS1.025C5684-F580-4622-877A-B7E9EC383E0F,2,1024,1024,2048,1024
TCGA-PE-A5DC-01A-01-TS1.025C5684-F580-4622-877A-B7E9EC383E0F,2,1024,1024,6144,0
TCGA-PE-A5DC-01A-01-TS1.025C5684-F580-4622-877A-B7E9EC383E0F,2,1024,1024,6144,1024
TCGA-PE-A5DC-01A-01-TS1.025C5684-F580-4622-877A-B7E9EC383E0F,2,1024,1024,6144,2048
TCGA-PE-A5DC-01A-01-TS1.025C5684-F580-4622-877A-B7E9EC383E0F,2,1024,1024,7168,1024
TCGA-Z7-A8R6-01A-01-TSA.EED1E5D4-7C9A-45C8-9F11-13F71190A1B1,2,1024,1024,1024,894
TCGA-Z7-A8R6-01A-01-TSA.EED1E5D4-7C9A-45C8-9F11-13F71190A1B1,2,1024,1024,4096,0
TCGA-Z7-A8R6-01A-01-TSA.EED1E5D4-7C9A-45C8-9F11-13F71190A1B1,2,1024,1024,5120,0
TCGA-PE-A5DE-01A-01-TS1.D7DDDA9C-3BC4-4311-AB13-C6E7F51EC8E9,2,1024,1024,0,0
TCGA-PE-A5DE-01A-01-TS1.D7DDDA9C-3BC4-4311-AB13-C6E7F51EC8E9,2,1024,1024,0,1024
TCGA-PE-A5DE-01A-01-TS1.D7DDDA9C-3BC4-4311-AB13-C6E7F51EC8E9,2,1024,1024,4096,0
TCGA-PE-A5DE-01A-01-TS1.D7DDDA9C-3BC4-4311-AB13-C6E7F51EC8E9,2,1024,1024,4096,1024
TCGA-PE-A5DE-01A-01-TS1.D7DDDA9C-3BC4-4311-AB13-C6E7F51EC8E9,2,1024,1024,4096,1329
TCGA-PE-A5DE-01A-01-TS1.D7DDDA9C-3BC4-4311-AB13-C6E7F51EC8E9,2,1024,1024,4302,1024
TCGA-S3-A6ZH-01A-02-TS2.DCF28540-6410-41AD-8345-1061DF1956FF,2,1024,1024,0,1024
TCGA-S3-A6ZH-01A-02-TS2.DCF28540-6410-41AD-8345-1061DF1956FF,2,1024,1024,1024,1024
TCGA-S3-A6ZH-01A-02-TS2.DCF28540-6410-41AD-8345-1061DF1956FF,2,1024,1024,1024,1225
TCGA-S3-A6ZH-01A-02-TS2.DCF28540-6410-41AD-8345-1061DF1956FF,2,1024,1024,4096,0
TCGA-S3-A6ZH-01A-02-TS2.DCF28540-6410-41AD-8345-1061DF1956FF,2,1024,1024,5120,1024
TCGA-S3-A6ZH-01A-02-TS2.DCF28540-6410-41AD-8345-1061DF1956FF,2,1024,1024,5120,1225
TCGA-S3-A6ZG-01A-02-TS2.D4625D56-1C91-4CE7-9710-F6FE67C2DF37,2,1024,1024,0,1024
TCGA-S3-A6ZG-01A-02-TS2.D4625D56-1C91-4CE7-9710-F6FE67C2DF37,2,1024,1024,1024,0
TCGA-S3-A6ZG-01A-02-TS2.D4625D56-1C91-4CE7-9710-F6FE67C2DF37,2,1024,1024,1024,1024
TCGA-S3-A6ZG-01A-02-TS2.D4625D56-1C91-4CE7-9710-F6FE67C2DF37,2,1024,1024,1024,1172
TCGA-S3-A6ZG-01A-02-TS2.D4625D56-1C91-4CE7-9710-F6FE67C2DF37,2,1024,1024,2048,0
TCGA-S3-A6ZG-01A-02-TS2.D4625D56-1C91-4CE7-9710-F6FE67C2DF37,2,1024,1024,2048,1024
TCGA-S3-A6ZG-01A-02-TS2.D4625D56-1C91-4CE7-9710-F6FE67C2DF37,2,1024,1024,2048,1172
TCGA-S3-A6ZG-01A-02-TS2.D4625D56-1C91-4CE7-9710-F6FE67C2DF37,2,1024,1024,6144,0
TCGA-S3-A6ZG-01A-02-TS2.D4625D56-1C91-4CE7-9710-F6FE67C2DF37,2,1024,1024,6144,1024
TCGA-S3-A6ZG-01A-02-TS2.D4625D56-1C91-4CE7-9710-F6FE67C2DF37,2,1024,1024,6144,1172
TCGA-S3-A6ZG-01A-02-TS2.D4625D56-1C91-4CE7-9710-F6FE67C2DF37,2,1024,1024,7168,0
TCGA-S3-A6ZG-01A-02-TS2.D4625D56-1C91-4CE7-9710-F6FE67C2DF37,2,1024,1024,7168,1024
TCGA-S3-A6ZG-01A-02-TS2.D4625D56-1C91-4CE7-9710-F6FE67C2DF37,2,1024,1024,7168,1172
TCGA-S3-A6ZG-01A-02-TS2.D4625D56-1C91-4CE7-9710-F6FE67C2DF37,2,1024,1024,7722,1024
TCGA-S3-AA0Z-01A-01-TS1.4DDD6F71-DF24-4B70-A863-9A1163321BBC,2,1024,1024,1024,0
TCGA-S3-AA0Z-01A-01-TS1.4DDD6F71-DF24-4B70-A863-9A1163321BBC,2,1024,1024,1024,971
TCGA-S3-AA0Z-01A-01-TS1.4DDD6F71-DF24-4B70-A863-9A1163321BBC,2,1024,1024,4096,0
TCGA-S3-AA0Z-01A-01-TS1.4DDD6F71-DF24-4B70-A863-9A1163321BBC,2,1024,1024,4096,971
TCGA-S3-AA11-01A-03-TS3.8C92F642-024A-482C-A5D0-A49910FE31C6,2,1024,1024,1024,0
TCGA-S3-AA11-01A-03-TS3.8C92F642-024A-482C-A5D0-A49910FE31C6,2,1024,1024,1024,616
TCGA-S3-AA11-01A-03-TS3.8C92F642-024A-482C-A5D0-A49910FE31C6,2,1024,1024,2048,0
TCGA-S3-AA11-01A-03-TS3.8C92F642-024A-482C-A5D0-A49910FE31C6,2,1024,1024,5120,0
TCGA-S3-AA11-01A-03-TS3.8C92F642-024A-482C-A5D0-A49910FE31C6,2,1024,1024,5120,616
TCGA-S3-AA10-01A-02-TS2.84A28F62-0621-44F8-88A1-E224FC17D6BB,2,1024,1024,1024,1024
TCGA-S3-AA10-01A-02-TS2.84A28F62-0621-44F8-88A1-E224FC17D6BB,2,1024,1024,5120,1024
TCGA-S3-AA10-01A-02-TS2.84A28F62-0621-44F8-88A1-E224FC17D6BB,2,1024,1024,6144,1024
TCGA-S3-AA10-01A-02-TS2.84A28F62-0621-44F8-88A1-E224FC17D6BB,2,1024,1024,6570,1024
TCGA-S3-AA14-01A-01-TS1.8A693383-EEAF-4F83-9FA1-8F59AB8B619B,2,1024,1024,4096,0
TCGA-S3-AA14-01A-01-TS1.8A693383-EEAF-4F83-9FA1-8F59AB8B619B,2,1024,1024,4096,358
TCGA-S3-AA12-01A-01-TS1.6A103732-2660-4950-AF2A-D56E107B02D3,2,1024,1024,1024,1024
TCGA-S3-AA12-01A-01-TS1.6A103732-2660-4950-AF2A-D56E107B02D3,2,1024,1024,4096,1024
TCGA-S3-AA12-01A-01-TS1.6A103732-2660-4950-AF2A-D56E107B02D3,2,1024,1024,4096,1523
TCGA-S3-AA12-01A-01-TS1.6A103732-2660-4950-AF2A-D56E107B02D3,2,1024,1024,4703,1024
TCGA-S3-AA17-01A-01-TS1.E8CCA5B9-9FB4-4A1B-AE41-8745D4FAFD8B,2,1024,1024,0,0
TCGA-S3-AA17-01A-01-TS1.E8CCA5B9-9FB4-4A1B-AE41-8745D4FAFD8B,2,1024,1024,0,776
TCGA-S3-AA17-01A-01-TS1.E8CCA5B9-9FB4-4A1B-AE41-8745D4FAFD8B,2,1024,1024,4096,0
TCGA-S3-AA17-01A-01-TS1.E8CCA5B9-9FB4-4A1B-AE41-8745D4FAFD8B,2,1024,1024,4453,0
TCGA-S3-AA15-01A-01-TS1.395D6B62-E484-472A-9283-DA4CD6CB4E79,2,1024,1024,1024,946
TCGA-S3-AA15-01A-01-TS1.395D6B62-E484-472A-9283-DA4CD6CB4E79,2,1024,1024,6144,946
TCGA-UL-AAZ6-01A-01-TSA.9B3C23C9-6286-48A3-B084-78E7A7CCE9E1,2,1024,1024,0,1024
TCGA-UL-AAZ6-01A-01-TSA.9B3C23C9-6286-48A3-B084-78E7A7CCE9E1,2,1024,1024,1024,1024
TCGA-UL-AAZ6-01A-01-TSA.9B3C23C9-6286-48A3-B084-78E7A7CCE9E1,2,1024,1024,4096,1024
TCGA-UL-AAZ6-01A-01-TSA.9B3C23C9-6286-48A3-B084-78E7A7CCE9E1,2,1024,1024,4096,1735
TCGA-UU-A93S-01A-02-TSB.B831443D-9BE6-43E0-941D-3881CBC80A78,2,1024,1024,4096,1024
TCGA-V7-A7HQ-01A-01-TS1.C4700F73-F50C-4E8C-8C2E-909A914A9413,2,1024,1024,0,874
TCGA-WT-AB44-01A-01-TS1.B6C0EEDB-E5B9-4B0D-8599-23879A0419EB,2,1024,1024,1024,1024
TCGA-WT-AB44-01A-01-TS1.B6C0EEDB-E5B9-4B0D-8599-23879A0419EB,2,1024,1024,1714,1024
TCGA-W8-A86G-01A-02-TS2.9B16125F-3F55-4059-98AB-AC9F91DD1FC7,2,1024,1024,3072,999
TCGA-Z7-A8R5-01A-04-TSD.501DD6C7-E797-4D69-B315-FBFFEC297120,2,1024,1024,0,0
TCGA-Z7-A8R5-01A-04-TSD.501DD6C7-E797-4D69-B315-FBFFEC297120,2,1024,1024,1024,954
TCGA-Z7-A8R5-01A-04-TSD.501DD6C7-E797-4D69-B315-FBFFEC297120,2,1024,1024,4096,0
TCGA-Z7-A8R5-01A-04-TSD.501DD6C7-E797-4D69-B315-FBFFEC297120,2,1024,1024,4096,954
TCGA-Z7-A8R5-01A-04-TSD.501DD6C7-E797-4D69-B315-FBFFEC297120,2,1024,1024,4453,0
TCGA-Z7-A8R5-01A-04-TSD.501DD6C7-E797-4D69-B315-FBFFEC297120,2,1024,1024,4453,954
TCGA-3C-AAAU-01A-01-TS1.2F52DD63-7476-4E85-B7C6-E06092DB6CC1,2,1024,1024,0,1024
TCGA-3C-AAAU-01A-01-TS1.2F52DD63-7476-4E85-B7C6-E06092DB6CC1,2,1024,1024,1024,1024
TCGA-3C-AAAU-01A-01-TS1.2F52DD63-7476-4E85-B7C6-E06092DB6CC1,2,1024,1024,4096,1024
TCGA-3C-AAAU-01A-01-TS1.2F52DD63-7476-4E85-B7C6-E06092DB6CC1,2,1024,1024,5120,1024
TCGA-3C-AAAU-01A-01-TS1.2F52DD63-7476-4E85-B7C6-E06092DB6CC1,2,1024,1024,5120,1350
TCGA-3C-AAAU-01A-01-TS1.2F52DD63-7476-4E85-B7C6-E06092DB6CC1,2,1024,1024,8192,1024
TCGA-3C-AAAU-01A-01-TS1.2F52DD63-7476-4E85-B7C6-E06092DB6CC1,2,1024,1024,8192,1350
TCGA-3C-AAAU-01A-01-TS1.2F52DD63-7476-4E85-B7C6-E06092DB6CC1,2,1024,1024,8438,1024
TCGA-3C-AAAU-01A-01-TS1.2F52DD63-7476-4E85-B7C6-E06092DB6CC1,2,1024,1024,8438,1350
TCGA-3C-AALI-01A-01-TSA.7D4960A7-247F-46EE-8D4A-B55170C23EAA,2,1024,1024,4096,0
TCGA-3C-AALI-01A-01-TSA.7D4960A7-247F-46EE-8D4A-B55170C23EAA,2,1024,1024,4096,182
TCGA-3C-AALI-01A-01-TSA.7D4960A7-247F-46EE-8D4A-B55170C23EAA,2,1024,1024,4204,0
TCGA-3C-AALI-01A-01-TSA.7D4960A7-247F-46EE-8D4A-B55170C23EAA,2,1024,1024,4204,182
TCGA-3C-AALK-01A-01-TSA.B64ED65E-C91A-42C9-89A5-1B099C7112C3,2,1024,1024,1024,0
TCGA-3C-AALK-01A-01-TSA.B64ED65E-C91A-42C9-89A5-1B099C7112C3,2,1024,1024,1024,1024
TCGA-3C-AALK-01A-01-TSA.B64ED65E-C91A-42C9-89A5-1B099C7112C3,2,1024,1024,1024,1111
TCGA-3C-AALK-01A-01-TSA.B64ED65E-C91A-42C9-89A5-1B099C7112C3,2,1024,1024,5120,0
TCGA-3C-AALK-01A-01-TSA.B64ED65E-C91A-42C9-89A5-1B099C7112C3,2,1024,1024,5120,1024
TCGA-3C-AALK-01A-01-TSA.B64ED65E-C91A-42C9-89A5-1B099C7112C3,2,1024,1024,5120,1111
TCGA-3C-AALK-01A-01-TSA.B64ED65E-C91A-42C9-89A5-1B099C7112C3,2,1024,1024,5947,0
TCGA-5L-AAT0-01A-01-TS1.E7894281-DAB5-4603-B42A-A4C71FBE3D37,2,1024,1024,5120,0
TCGA-5L-AAT0-01A-01-TS1.E7894281-DAB5-4603-B42A-A4C71FBE3D37,2,1024,1024,5120,220
TCGA-A1-A0SB-01A-01-TS1.ed80b57e-ce46-45d6-b8cf-bb18e254488f,2,1024,1024,1024,0
TCGA-A1-A0SB-01A-01-TS1.ed80b57e-ce46-45d6-b8cf-bb18e254488f,2,1024,1024,1024,1024
TCGA-A1-A0SB-01A-01-TS1.ed80b57e-ce46-45d6-b8cf-bb18e254488f,2,1024,1024,4096,0
TCGA-A1-A0SD-01A-01-TS1.6a18f1d4-bee3-453c-a84f-0f82f93e95f2,2,1024,1024,0,0
TCGA-A1-A0SD-01A-01-TS1.6a18f1d4-bee3-453c-a84f-0f82f93e95f2,2,1024,1024,1024,0
TCGA-A1-A0SD-01A-01-TS1.6a18f1d4-bee3-453c-a84f-0f82f93e95f2,2,1024,1024,1024,779
TCGA-A1-A0SD-01A-01-TS1.6a18f1d4-bee3-453c-a84f-0f82f93e95f2,2,1024,1024,5120,0
TCGA-A1-A0SD-01A-01-TS1.6a18f1d4-bee3-453c-a84f-0f82f93e95f2,2,1024,1024,5120,779
TCGA-A1-A0SD-01A-01-TS1.6a18f1d4-bee3-453c-a84f-0f82f93e95f2,2,1024,1024,5679,779
TCGA-A1-A0SE-01A-01-TS1.9de25aa5-6128-49b4-990b-c6bf3830489d,2,1024,1024,0,1024
TCGA-A1-A0SE-01A-01-TS1.9de25aa5-6128-49b4-990b-c6bf3830489d,2,1024,1024,1024,1024
TCGA-A1-A0SE-01A-01-TS1.9de25aa5-6128-49b4-990b-c6bf3830489d,2,1024,1024,2048,1024
TCGA-A1-A0SE-01A-01-TS1.9de25aa5-6128-49b4-990b-c6bf3830489d,2,1024,1024,5120,1024
TCGA-A1-A0SE-01A-01-TS1.9de25aa5-6128-49b4-990b-c6bf3830489d,2,1024,1024,5120,1618
TCGA-A1-A0SE-01A-01-TS1.9de25aa5-6128-49b4-990b-c6bf3830489d,2,1024,1024,6144,1024
TCGA-A1-A0SF-01A-01-TSA.76e0b1d7-e95b-4c5e-8f53-b62d2700da2e,2,1024,1024,4096,0
TCGA-A1-A0SF-01A-01-TSA.76e0b1d7-e95b-4c5e-8f53-b62d2700da2e,2,1024,1024,4096,1024
TCGA-A1-A0SF-01A-01-TSA.76e0b1d7-e95b-4c5e-8f53-b62d2700da2e,2,1024,1024,4096,1104
TCGA-A1-A0SG-01A-01-TS1.5f26a16f-7657-4383-8c5e-48c62cc2e258,2,1024,1024,1024,0
TCGA-A1-A0SG-01A-01-TS1.5f26a16f-7657-4383-8c5e-48c62cc2e258,2,1024,1024,1024,1024
TCGA-A1-A0SG-01A-01-TS1.5f26a16f-7657-4383-8c5e-48c62cc2e258,2,1024,1024,4096,1024
TCGA-A1-A0SG-01A-01-TS1.5f26a16f-7657-4383-8c5e-48c62cc2e258,2,1024,1024,4096,1273
TCGA-A1-A0SG-01A-01-TS1.5f26a16f-7657-4383-8c5e-48c62cc2e258,2,1024,1024,5120,0
TCGA-A1-A0SH-01A-01-TSA.79c64fec-53ef-405a-b830-da132de9149d,2,1024,1024,5120,0
TCGA-A1-A0SI-01A-01-TS1.c9eb6742-072c-4de1-b1a1-888c39be8b90,2,1024,1024,0,832
TCGA-A1-A0SI-01A-01-TS1.c9eb6742-072c-4de1-b1a1-888c39be8b90,2,1024,1024,1024,0
TCGA-A1-A0SI-01A-01-TS1.c9eb6742-072c-4de1-b1a1-888c39be8b90,2,1024,1024,4096,0
TCGA-A1-A0SI-01A-01-TS1.c9eb6742-072c-4de1-b1a1-888c39be8b90,2,1024,1024,4781,0
TCGA-A1-A0SK-01A-01-TSA.0b2432b1-5781-4725-bb85-7547c7ae9f36,2,1024,1024,1024,1024
TCGA-A1-A0SK-01A-01-TSA.0b2432b1-5781-4725-bb85-7547c7ae9f36,2,1024,1024,1024,1817
TCGA-A1-A0SK-01A-01-TSA.0b2432b1-5781-4725-bb85-7547c7ae9f36,2,1024,1024,2048,1024
TCGA-A1-A0SK-01A-01-TSA.0b2432b1-5781-4725-bb85-7547c7ae9f36,2,1024,1024,6144,0
TCGA-A1-A0SK-01A-01-TSA.0b2432b1-5781-4725-bb85-7547c7ae9f36,2,1024,1024,6144,1024
TCGA-A1-A0SK-01A-01-TSA.0b2432b1-5781-4725-bb85-7547c7ae9f36,2,1024,1024,7168,1024
TCGA-A1-A0SN-01A-01-TS1.ae0aafc3-dbcf-4e93-b817-974263ade19a,2,1024,1024,0,1024
TCGA-A1-A0SN-01A-01-TS1.ae0aafc3-dbcf-4e93-b817-974263ade19a,2,1024,1024,4096,1024
TCGA-A1-A0SN-01A-01-TS1.ae0aafc3-dbcf-4e93-b817-974263ade19a,2,1024,1024,4096,1361
TCGA-A1-A0SN-01A-01-TS1.ae0aafc3-dbcf-4e93-b817-974263ade19a,2,1024,1024,4362,1024
TCGA-A1-A0SO-01A-02-TSB.e5de770e-4ff4-47ad-b5e4-04753c1a6507,2,1024,1024,1024,764
TCGA-A1-A0SO-01A-02-TSB.e5de770e-4ff4-47ad-b5e4-04753c1a6507,2,1024,1024,4096,0
TCGA-A1-A0SQ-01A-02-TSB.aa40d19e-8dcf-4fea-a7f1-4e2edbbd026e,2,1024,1024,1024,0
TCGA-A1-A0SQ-01A-02-TSB.aa40d19e-8dcf-4fea-a7f1-4e2edbbd026e,2,1024,1024,1024,1024
TCGA-A1-A0SQ-01A-02-TSB.aa40d19e-8dcf-4fea-a7f1-4e2edbbd026e,2,1024,1024,2048,1024
TCGA-A1-A0SQ-01A-02-TSB.aa40d19e-8dcf-4fea-a7f1-4e2edbbd026e,2,1024,1024,5120,1024
TCGA-A2-A0CK-01A-01-TSA.0F00A193-4045-4462-B2B2-A76B40A4EFB9,2,1024,1024,1024,0
TCGA-A2-A0CK-01A-01-TSA.0F00A193-4045-4462-B2B2-A76B40A4EFB9,2,1024,1024,4096,1024
TCGA-A2-A0CM-01A-03-TSC.7f2cc1ed-793e-4717-92fd-da1aa4424aed,2,1024,1024,3072,884
TCGA-AO-A0JG-01A-03-MSC.c7c6368f-a8f7-4039-a47a-926981f08d16,2,1024,1024,0,1024
TCGA-AO-A0JG-01A-03-MSC.c7c6368f-a8f7-4039-a47a-926981f08d16,2,1024,1024,1024,1024
TCGA-AO-A0JG-01A-03-MSC.c7c6368f-a8f7-4039-a47a-926981f08d16,2,1024,1024,5120,1024
TCGA-A2-A0CQ-01A-02-TSB.9510458b-dc35-43ef-a4ff-684a23bf6b87,2,1024,1024,1024,0
TCGA-A2-A0CQ-01A-02-TSB.9510458b-dc35-43ef-a4ff-684a23bf6b87,2,1024,1024,1024,416
TCGA-A2-A0CQ-01A-02-TSB.9510458b-dc35-43ef-a4ff-684a23bf6b87,2,1024,1024,4096,0
TCGA-A2-A0CQ-01A-02-TSB.9510458b-dc35-43ef-a4ff-684a23bf6b87,2,1024,1024,4096,416
TCGA-A2-A0CR-01A-01-TSA.192598C2-7093-4171-B779-6EDE8AD7998B,2,1024,1024,0,1024
TCGA-A2-A0CR-01A-01-TSA.192598C2-7093-4171-B779-6EDE8AD7998B,2,1024,1024,4096,0
TCGA-A2-A0CS-01A-01-TSA.1c053f5f-ca22-41a9-b815-681eb2a4ea5e,2,1024,1024,0,0
TCGA-A2-A0CS-01A-01-TSA.1c053f5f-ca22-41a9-b815-681eb2a4ea5e,2,1024,1024,0,690
TCGA-A2-A0CS-01A-01-TSA.1c053f5f-ca22-41a9-b815-681eb2a4ea5e,2,1024,1024,1024,0
TCGA-A2-A0CS-01A-01-TSA.1c053f5f-ca22-41a9-b815-681eb2a4ea5e,2,1024,1024,1024,690
TCGA-A2-A0CS-01A-01-TSA.1c053f5f-ca22-41a9-b815-681eb2a4ea5e,2,1024,1024,2048,0
TCGA-A2-A0CS-01A-01-TSA.1c053f5f-ca22-41a9-b815-681eb2a4ea5e,2,1024,1024,2048,690
TCGA-A2-A0CS-01A-01-TSA.1c053f5f-ca22-41a9-b815-681eb2a4ea5e,2,1024,1024,5120,0
TCGA-A2-A0CS-01A-01-TSA.1c053f5f-ca22-41a9-b815-681eb2a4ea5e,2,1024,1024,5120,690
TCGA-A2-A0CS-01A-01-TSA.1c053f5f-ca22-41a9-b815-681eb2a4ea5e,2,1024,1024,6144,0
TCGA-A2-A0CS-01A-01-TSA.1c053f5f-ca22-41a9-b815-681eb2a4ea5e,2,1024,1024,6144,690
TCGA-A2-A0CU-01A-01-TS1.332cdd40-deca-4fad-8cf6-03fb91b121c3,2,1024,1024,4096,1024
TCGA-A2-A0CU-01A-01-TS1.332cdd40-deca-4fad-8cf6-03fb91b121c3,2,1024,1024,5120,1024
TCGA-A2-A0CU-01A-01-TS1.332cdd40-deca-4fad-8cf6-03fb91b121c3,2,1024,1024,9216,1024
TCGA-A2-A0CV-01A-03-TSC.3b9baf94-f5f8-4949-a017-4cd1152f87c5,2,1024,1024,0,1024
TCGA-A2-A0CV-01A-03-TSC.3b9baf94-f5f8-4949-a017-4cd1152f87c5,2,1024,1024,3072,1024
TCGA-A2-A0CW-01A-02-TSB.8bc46f2e-400f-4de8-aa07-9c632cea132f,2,1024,1024,0,0
TCGA-A2-A0CW-01A-02-TSB.8bc46f2e-400f-4de8-aa07-9c632cea132f,2,1024,1024,1024,0
TCGA-A2-A0CW-01A-02-TSB.8bc46f2e-400f-4de8-aa07-9c632cea132f,2,1024,1024,4096,0
TCGA-A2-A0CW-01A-02-TSB.8bc46f2e-400f-4de8-aa07-9c632cea132f,2,1024,1024,5120,0
TCGA-A2-A0CX-01A-02-TSB.eae9814e-e25c-4dfe-9564-e348c74699ba,2,1024,1024,1024,0
TCGA-A2-A0CX-01A-02-TSB.eae9814e-e25c-4dfe-9564-e348c74699ba,2,1024,1024,1024,1024
TCGA-A2-A0CX-01A-02-TSB.eae9814e-e25c-4dfe-9564-e348c74699ba,2,1024,1024,2048,1024
TCGA-A2-A0CX-01A-02-TSB.eae9814e-e25c-4dfe-9564-e348c74699ba,2,1024,1024,5120,1024
TCGA-A2-A0CX-01A-02-TSB.eae9814e-e25c-4dfe-9564-e348c74699ba,2,1024,1024,5120,1585
TCGA-A2-A0CX-01A-02-TSB.eae9814e-e25c-4dfe-9564-e348c74699ba,2,1024,1024,6144,1024
TCGA-A2-A0CX-01A-02-TSB.eae9814e-e25c-4dfe-9564-e348c74699ba,2,1024,1024,6144,1585
TCGA-A2-A0CY-01A-01-TS1.ec017ab1-ed8c-494e-a8de-a8b5c8a87059,2,1024,1024,0,1024
TCGA-A2-A0CY-01A-01-TS1.ec017ab1-ed8c-494e-a8de-a8b5c8a87059,2,1024,1024,1024,0
TCGA-A2-A0CY-01A-01-TS1.ec017ab1-ed8c-494e-a8de-a8b5c8a87059,2,1024,1024,1024,1024
TCGA-A2-A0CY-01A-01-TS1.ec017ab1-ed8c-494e-a8de-a8b5c8a87059,2,1024,1024,3072,1024
TCGA-A2-A0CY-01A-01-TS1.ec017ab1-ed8c-494e-a8de-a8b5c8a87059,2,1024,1024,4096,0
TCGA-A2-A0CY-01A-01-TS1.ec017ab1-ed8c-494e-a8de-a8b5c8a87059,2,1024,1024,4096,1024
TCGA-A2-A0CZ-01A-01-TS1.ad515c60-a532-4cab-ac6d-6bbdd877683b,2,1024,1024,0,1024
TCGA-A2-A0CZ-01A-01-TS1.ad515c60-a532-4cab-ac6d-6bbdd877683b,2,1024,1024,1024,0
TCGA-A2-A0CZ-01A-01-TS1.ad515c60-a532-4cab-ac6d-6bbdd877683b,2,1024,1024,1024,1024
TCGA-A2-A0CZ-01A-01-TS1.ad515c60-a532-4cab-ac6d-6bbdd877683b,2,1024,1024,4096,1024
TCGA-A2-A0CZ-01A-01-TS1.ad515c60-a532-4cab-ac6d-6bbdd877683b,2,1024,1024,5120,1024
TCGA-A2-A0D1-01A-01-TSA.4cf43b24-cdea-4eb2-8413-677057458810,2,1024,1024,0,0
TCGA-A2-A0D1-01A-01-TSA.4cf43b24-cdea-4eb2-8413-677057458810,2,1024,1024,3072,1024
TCGA-A2-A0D1-01A-01-TSA.4cf43b24-cdea-4eb2-8413-677057458810,2,1024,1024,6144,1024
TCGA-A2-A0D1-01A-01-TSA.4cf43b24-cdea-4eb2-8413-677057458810,2,1024,1024,7168,1024
TCGA-A2-A0D2-01A-02-TSB.74de3ac3-3f96-4426-b6b0-228282978570,2,1024,1024,0,0
TCGA-A2-A0D2-01A-02-TSB.74de3ac3-3f96-4426-b6b0-228282978570,2,1024,1024,4096,1024
TCGA-A2-A0D2-01A-02-TSB.74de3ac3-3f96-4426-b6b0-228282978570,2,1024,1024,4096,1438
TCGA-A2-A0D2-01A-02-TSB.74de3ac3-3f96-4426-b6b0-228282978570,2,1024,1024,4721,1024
TCGA-A2-A0D2-01A-02-TSB.74de3ac3-3f96-4426-b6b0-228282978570,2,1024,1024,4721,1438
TCGA-A2-A0D3-01A-01-TSA.55add6f4-ecd3-4228-af07-045ef5a2cbf6,2,1024,1024,4096,1024
TCGA-A2-A0D3-01A-01-TSA.55add6f4-ecd3-4228-af07-045ef5a2cbf6,2,1024,1024,4096,1466
TCGA-A2-A0D3-01A-01-TSA.55add6f4-ecd3-4228-af07-045ef5a2cbf6,2,1024,1024,7168,1024
TCGA-A2-A0D3-01A-01-TSA.55add6f4-ecd3-4228-af07-045ef5a2cbf6,2,1024,1024,8013,1024
TCGA-A2-A0EN-01A-01-TSA.d57caa16-813c-41c9-9b9a-3e906e576bb0,2,1024,1024,3072,0
TCGA-A2-A0EN-01A-01-TSA.d57caa16-813c-41c9-9b9a-3e906e576bb0,2,1024,1024,3072,522
TCGA-A2-A0EN-01A-01-TSA.d57caa16-813c-41c9-9b9a-3e906e576bb0,2,1024,1024,3285,0
TCGA-A2-A0EO-01A-01-TSA.36f29540-ef11-4f71-bfa7-170e5f037a0a,2,1024,1024,1024,0
TCGA-A2-A0EO-01A-01-TSA.36f29540-ef11-4f71-bfa7-170e5f037a0a,2,1024,1024,1024,1024
TCGA-A2-A0EO-01A-01-TSA.36f29540-ef11-4f71-bfa7-170e5f037a0a,2,1024,1024,5120,0
TCGA-A2-A0EO-01A-01-TSA.36f29540-ef11-4f71-bfa7-170e5f037a0a,2,1024,1024,6144,1024
TCGA-A2-A0EQ-01A-01-TSA.c64d0ac8-9849-47c7-86e1-2e2037b02422,2,1024,1024,0,1024
TCGA-A2-A0EQ-01A-01-TSA.c64d0ac8-9849-47c7-86e1-2e2037b02422,2,1024,1024,1024,0
TCGA-A2-A0EQ-01A-01-TSA.c64d0ac8-9849-47c7-86e1-2e2037b02422,2,1024,1024,1024,1024
TCGA-A2-A0EQ-01A-01-TSA.c64d0ac8-9849-47c7-86e1-2e2037b02422,2,1024,1024,1024,1151
TCGA-A2-A0EQ-01A-01-TSA.c64d0ac8-9849-47c7-86e1-2e2037b02422,2,1024,1024,4096,0
TCGA-A2-A0EQ-01A-01-TSA.c64d0ac8-9849-47c7-86e1-2e2037b02422,2,1024,1024,4096,1024
TCGA-A2-A0EQ-01A-01-TSA.c64d0ac8-9849-47c7-86e1-2e2037b02422,2,1024,1024,4096,1151
TCGA-A2-A0EQ-01A-01-TSA.c64d0ac8-9849-47c7-86e1-2e2037b02422,2,1024,1024,4781,0
TCGA-A2-A0ER-01A-02-TSB.fc92d268-4fa2-4784-9639-ee1ace7797d3,2,1024,1024,1024,894
TCGA-A2-A0ER-01A-02-TSB.fc92d268-4fa2-4784-9639-ee1ace7797d3,2,1024,1024,4096,894
TCGA-A2-A0ES-01A-01-TSA.9e47cc5c-6fcd-4515-ac20-1d81d3c58100,2,1024,1024,3072,0
TCGA-A2-A0ES-01A-01-TSA.9e47cc5c-6fcd-4515-ac20-1d81d3c58100,2,1024,1024,3072,648
TCGA-A2-A0ET-01A-03-TSC.74515b85-25d8-4c5a-9fe8-027a78238b9a,2,1024,1024,1024,0
TCGA-A2-A0ET-01A-03-TSC.74515b85-25d8-4c5a-9fe8-027a78238b9a,2,1024,1024,4096,1024
TCGA-A2-A0ET-01A-03-TSC.74515b85-25d8-4c5a-9fe8-027a78238b9a,2,1024,1024,5120,1024
TCGA-A2-A0EU-01A-02-TSB.648d1299-d273-4ae2-8926-cfad39ff735a,2,1024,1024,5120,0
TCGA-A2-A0EU-01A-02-TSB.648d1299-d273-4ae2-8926-cfad39ff735a,2,1024,1024,5120,220
TCGA-A2-A0EV-01A-01-TSA.49658afd-55bd-4adb-a3c2-06a4e633efc5,2,1024,1024,1024,1024
TCGA-A2-A0EV-01A-01-TSA.49658afd-55bd-4adb-a3c2-06a4e633efc5,2,1024,1024,1024,1169
TCGA-A2-A0EV-01A-01-TSA.49658afd-55bd-4adb-a3c2-06a4e633efc5,2,1024,1024,4096,1024
TCGA-A2-A0EX-01A-02-TSB.8880934b-a491-492b-b6bc-32b50276ba99,2,1024,1024,1024,264
TCGA-A2-A0EX-01A-02-TSB.8880934b-a491-492b-b6bc-32b50276ba99,2,1024,1024,4096,0
TCGA-A2-A0ST-01A-01-TSA.8e2979c6-24f8-4dcf-8439-1da07dbc6a9b,2,1024,1024,2048,1024
TCGA-A2-A0ST-01A-01-TSA.8e2979c6-24f8-4dcf-8439-1da07dbc6a9b,2,1024,1024,4096,1024
TCGA-A2-A0SU-01A-01-TSA.1501d762-6b57-43d8-b8bb-fe7970b750dd,2,1024,1024,0,1024
TCGA-A2-A0SU-01A-01-TSA.1501d762-6b57-43d8-b8bb-fe7970b750dd,2,1024,1024,1024,1024
TCGA-A2-A0SU-01A-01-TSA.1501d762-6b57-43d8-b8bb-fe7970b750dd,2,1024,1024,3072,1024
TCGA-A2-A0SU-01A-01-TSA.1501d762-6b57-43d8-b8bb-fe7970b750dd,2,1024,1024,4096,1024
TCGA-A2-A0SV-01A-01-TSA.bdab1f53-b83c-494c-9a73-487ee771adf9,2,1024,1024,1024,0
TCGA-A2-A0SV-01A-01-TSA.bdab1f53-b83c-494c-9a73-487ee771adf9,2,1024,1024,2048,0
TCGA-A2-A0SV-01A-01-TSA.bdab1f53-b83c-494c-9a73-487ee771adf9,2,1024,1024,3072,0
TCGA-A2-A0SV-01A-01-TSA.bdab1f53-b83c-494c-9a73-487ee771adf9,2,1024,1024,5120,0
TCGA-A2-A0SV-01A-01-TSA.bdab1f53-b83c-494c-9a73-487ee771adf9,2,1024,1024,6144,0
TCGA-A2-A0SV-01A-01-TSA.bdab1f53-b83c-494c-9a73-487ee771adf9,2,1024,1024,7168,0
TCGA-A2-A0SV-01A-01-TSA.bdab1f53-b83c-494c-9a73-487ee771adf9,2,1024,1024,7168,781
TCGA-AO-A0JJ-01A-01-TSA.fe4ee1f2-09e8-46a7-9c62-b20fc8042934,2,1024,1024,1024,1024
TCGA-AO-A0JJ-01A-01-TSA.fe4ee1f2-09e8-46a7-9c62-b20fc8042934,2,1024,1024,4096,0
TCGA-AO-A0JJ-01A-01-TSA.fe4ee1f2-09e8-46a7-9c62-b20fc8042934,2,1024,1024,5120,0
TCGA-A2-A0SX-01A-01-TSA.3830b6f0-c05a-4d09-a1bc-c7018bc5e458,2,1024,1024,1024,1024
TCGA-A2-A0SX-01A-01-TSA.3830b6f0-c05a-4d09-a1bc-c7018bc5e458,2,1024,1024,6144,2048
TCGA-A2-A0SY-01A-03-TSC.19950d5e-98f4-44b2-9f76-0552567e2c9a,2,1024,1024,1024,1024
TCGA-A2-A0SY-01A-03-TSC.19950d5e-98f4-44b2-9f76-0552567e2c9a,2,1024,1024,3072,1024
TCGA-A2-A0T0-01A-02-TSB.802f97da-e482-4c7a-aa5e-a692871ad1ea,2,1024,1024,1024,0
TCGA-A2-A0T0-01A-02-TSB.802f97da-e482-4c7a-aa5e-a692871ad1ea,2,1024,1024,1024,1024
TCGA-A2-A0T0-01A-02-TSB.802f97da-e482-4c7a-aa5e-a692871ad1ea,2,1024,1024,6144,0
TCGA-A2-A0T0-01A-02-TSB.802f97da-e482-4c7a-aa5e-a692871ad1ea,2,1024,1024,6144,1024
TCGA-A2-A0T1-01A-02-TSB.63e971bf-39ec-41c9-986e-a1937437dea8,2,1024,1024,0,0
TCGA-A2-A0T2-01A-01-TSA.8595967b-5bf7-447f-9310-10b53a1c1dfa,2,1024,1024,1024,0
TCGA-A2-A0T2-01A-01-TSA.8595967b-5bf7-447f-9310-10b53a1c1dfa,2,1024,1024,1024,416
TCGA-A2-A0T2-01A-01-TSA.8595967b-5bf7-447f-9310-10b53a1c1dfa,2,1024,1024,4096,0
TCGA-A2-A0T3-01A-02-TSB.5833680c-4d57-4657-acd7-879e52cfd8c4,2,1024,1024,5120,0
TCGA-A2-A0T3-01A-02-TSB.5833680c-4d57-4657-acd7-879e52cfd8c4,2,1024,1024,5120,1024
TCGA-A2-A0T3-01A-02-TSB.5833680c-4d57-4657-acd7-879e52cfd8c4,2,1024,1024,5120,1121
TCGA-A2-A0T3-01A-02-TSB.5833680c-4d57-4657-acd7-879e52cfd8c4,2,1024,1024,6144,1024
TCGA-A2-A0T4-01A-03-TSC.60866100-7f22-4c86-a99e-5e52ca53c313,2,1024,1024,6144,0
TCGA-A2-A0T4-01A-03-TSC.60866100-7f22-4c86-a99e-5e52ca53c313,2,1024,1024,7168,0
TCGA-A2-A0T5-01A-02-TSB.b6a2c4da-e252-4a6f-b22f-788dec8d6ede,2,1024,1024,1024,0
TCGA-A2-A0T5-01A-02-TSB.b6a2c4da-e252-4a6f-b22f-788dec8d6ede,2,1024,1024,4096,0
TCGA-A2-A0T5-01A-02-TSB.b6a2c4da-e252-4a6f-b22f-788dec8d6ede,2,1024,1024,5120,0
TCGA-A2-A0T6-01A-01-TSA.a91e20c4-e88b-4f25-a691-1ed38fbca876,2,1024,1024,7168,626
TCGA-A2-A0T7-01A-02-TSB.d37d2184-6f53-4c98-88fd-aa854fd50700,2,1024,1024,1024,0
TCGA-A2-A0T7-01A-02-TSB.d37d2184-6f53-4c98-88fd-aa854fd50700,2,1024,1024,1024,1024
TCGA-A2-A0T7-01A-02-TSB.d37d2184-6f53-4c98-88fd-aa854fd50700,2,1024,1024,4096,0
TCGA-A2-A0T7-01A-02-TSB.d37d2184-6f53-4c98-88fd-aa854fd50700,2,1024,1024,4096,1024
TCGA-A2-A0T7-01A-02-TSB.d37d2184-6f53-4c98-88fd-aa854fd50700,2,1024,1024,4096,1309
TCGA-A2-A0YC-01A-01-TSA.dfb0f795-b54a-44fd-8ddd-105ac7c51d35,2,1024,1024,6144,0
TCGA-A2-A0YC-01A-01-TSA.dfb0f795-b54a-44fd-8ddd-105ac7c51d35,2,1024,1024,6277,0
TCGA-A2-A0YD-01A-01-TSA.7cbd1fbb-d5dd-4bc1-94fc-acff71e2b6c9,2,1024,1024,1024,706
TCGA-A2-A0YD-01A-01-TSA.7cbd1fbb-d5dd-4bc1-94fc-acff71e2b6c9,2,1024,1024,4096,0
TCGA-A2-A0YE-01A-01-TS1.03c71807-b82c-4b01-8962-c6ac3d1b3445,2,1024,1024,1024,0
TCGA-A2-A0YE-01A-01-TS1.03c71807-b82c-4b01-8962-c6ac3d1b3445,2,1024,1024,2048,1015
TCGA-A2-A0YE-01A-01-TS1.03c71807-b82c-4b01-8962-c6ac3d1b3445,2,1024,1024,5120,0
TCGA-A2-A0YE-01A-01-TS1.03c71807-b82c-4b01-8962-c6ac3d1b3445,2,1024,1024,6144,1015
TCGA-A2-A0YE-01A-01-TS1.03c71807-b82c-4b01-8962-c6ac3d1b3445,2,1024,1024,6157,1015
TCGA-A2-A0YF-01A-02-TSB.65b05e09-46e2-47f8-8ef6-ccc5914752c5,2,1024,1024,3072,0
TCGA-A2-A0YF-01A-02-TSB.65b05e09-46e2-47f8-8ef6-ccc5914752c5,2,1024,1024,3072,1024
TCGA-A2-A0YG-01A-02-TSB.8bd4f37a-7944-4379-910c-621a80229783,2,1024,1024,0,0
TCGA-A2-A0YG-01A-02-TSB.8bd4f37a-7944-4379-910c-621a80229783,2,1024,1024,0,498
TCGA-A2-A0YG-01A-02-TSB.8bd4f37a-7944-4379-910c-621a80229783,2,1024,1024,1024,0
TCGA-A2-A0YG-01A-02-TSB.8bd4f37a-7944-4379-910c-621a80229783,2,1024,1024,1024,498
TCGA-A2-A0YG-01A-02-TSB.8bd4f37a-7944-4379-910c-621a80229783,2,1024,1024,4096,0
TCGA-A2-A0YG-01A-02-TSB.8bd4f37a-7944-4379-910c-621a80229783,2,1024,1024,4096,498
TCGA-A2-A0YG-01A-02-TSB.8bd4f37a-7944-4379-910c-621a80229783,2,1024,1024,4661,0
TCGA-A2-A0YG-01A-02-TSB.8bd4f37a-7944-4379-910c-621a80229783,2,1024,1024,4661,498
TCGA-A2-A0YH-01A-01-TSA.77998a85-49c4-4bdf-8635-ec9516aad084,2,1024,1024,0,954
TCGA-A2-A0YH-01A-01-TSA.77998a85-49c4-4bdf-8635-ec9516aad084,2,1024,1024,2985,0
TCGA-A2-A0YI-01A-03-TSC.315f5bb4-4ef4-471e-b5b4-ae73a6038c20,2,1024,1024,1024,0
TCGA-A2-A0YI-01A-03-TSC.315f5bb4-4ef4-471e-b5b4-ae73a6038c20,2,1024,1024,1024,431
TCGA-A2-A0YI-01A-03-TSC.315f5bb4-4ef4-471e-b5b4-ae73a6038c20,2,1024,1024,4096,0
TCGA-A2-A0YI-01A-03-TSC.315f5bb4-4ef4-471e-b5b4-ae73a6038c20,2,1024,1024,4096,431
TCGA-A2-A0YJ-01A-01-TSA.a1260b78-3f54-490b-9dd1-7a6cb99e2358,2,1024,1024,0,0
TCGA-A2-A0YJ-01A-01-TSA.a1260b78-3f54-490b-9dd1-7a6cb99e2358,2,1024,1024,0,634
TCGA-A2-A0YJ-01A-01-TSA.a1260b78-3f54-490b-9dd1-7a6cb99e2358,2,1024,1024,1024,0
TCGA-A2-A0YJ-01A-01-TSA.a1260b78-3f54-490b-9dd1-7a6cb99e2358,2,1024,1024,1024,634
TCGA-A2-A0YJ-01A-01-TSA.a1260b78-3f54-490b-9dd1-7a6cb99e2358,2,1024,1024,4096,0
TCGA-A2-A0YJ-01A-01-TSA.a1260b78-3f54-490b-9dd1-7a6cb99e2358,2,1024,1024,4096,634
TCGA-A2-A0YJ-01A-01-TSA.a1260b78-3f54-490b-9dd1-7a6cb99e2358,2,1024,1024,5120,0
TCGA-A2-A0YJ-01A-01-TSA.a1260b78-3f54-490b-9dd1-7a6cb99e2358,2,1024,1024,5120,634
TCGA-A2-A0YK-01A-02-TSB.deb9ff5b-b123-4256-99d0-48893875a2a2,2,1024,1024,0,978
TCGA-A2-A0YK-01A-02-TSB.deb9ff5b-b123-4256-99d0-48893875a2a2,2,1024,1024,4096,0
TCGA-A2-A0YK-01A-02-TSB.deb9ff5b-b123-4256-99d0-48893875a2a2,2,1024,1024,4096,978
TCGA-A2-A0YK-01A-02-TSB.deb9ff5b-b123-4256-99d0-48893875a2a2,2,1024,1024,4302,0
TCGA-A2-A0YL-01A-02-TSB.12b73a8a-ac2d-4cd5-b8c2-de8fd1357dea,2,1024,1024,3823,885
TCGA-A2-A0YM-01A-01-TSA.af2a6b3d-dbf4-4323-aebe-d8b95053fff3,2,1024,1024,1024,0
TCGA-A2-A0YM-01A-01-TSA.af2a6b3d-dbf4-4323-aebe-d8b95053fff3,2,1024,1024,1024,596
TCGA-A2-A0YM-01A-01-TSA.af2a6b3d-dbf4-4323-aebe-d8b95053fff3,2,1024,1024,3072,596
TCGA-A2-A0YM-01A-01-TSA.af2a6b3d-dbf4-4323-aebe-d8b95053fff3,2,1024,1024,4096,0
TCGA-A2-A0YM-01A-01-TSA.af2a6b3d-dbf4-4323-aebe-d8b95053fff3,2,1024,1024,4242,0
TCGA-A2-A0YT-01A-01-TSA.fbac252d-8ada-4379-826f-1f255b826280,2,1024,1024,1024,0
TCGA-A2-A0YT-01A-01-TSA.fbac252d-8ada-4379-826f-1f255b826280,2,1024,1024,2048,0
TCGA-A2-A0YT-01A-01-TSA.fbac252d-8ada-4379-826f-1f255b826280,2,1024,1024,6144,0
TCGA-A2-A0YT-01A-01-TSA.fbac252d-8ada-4379-826f-1f255b826280,2,1024,1024,6144,1024
TCGA-A2-A1FV-01A-01-TSA.1ef7e33c-4e9f-46fb-8600-e2028e666b58,2,1024,1024,0,1024
TCGA-A2-A1FV-01A-01-TSA.1ef7e33c-4e9f-46fb-8600-e2028e666b58,2,1024,1024,3644,0
TCGA-A2-A1FX-01A-01-TSA.9ddece99-9be4-4d06-b8a5-f10e064a20cd,2,1024,1024,3072,0
TCGA-A2-A1FZ-01A-05-TSE.92edfd43-6c1e-4b2c-851e-e0968ad67036,2,1024,1024,3072,0
TCGA-A2-A1G0-01A-01-TSA.191b630e-777f-41f9-9510-22ed5faa316a,2,1024,1024,0,0
TCGA-A2-A1G0-01A-01-TSA.191b630e-777f-41f9-9510-22ed5faa316a,2,1024,1024,4096,1024
TCGA-A2-A1G4-01A-01-TSA.5d86407e-c67e-421b-8d36-330113e2205a,2,1024,1024,1024,1024
TCGA-A2-A1G4-01A-01-TSA.5d86407e-c67e-421b-8d36-330113e2205a,2,1024,1024,6144,1024
TCGA-A2-A3KC-01A-01-TSA.7390B45C-AB94-4000-B177-A39D64BC275C,2,1024,1024,1024,0
TCGA-A2-A3KC-01A-01-TSA.7390B45C-AB94-4000-B177-A39D64BC275C,2,1024,1024,4096,0
TCGA-A2-A3KC-01A-01-TSA.7390B45C-AB94-4000-B177-A39D64BC275C,2,1024,1024,4096,696
TCGA-A2-A3KD-01A-01-TSA.6CE03E54-350A-4AA7-A249-E55FF073FCB2,2,1024,1024,5120,0
TCGA-A2-A3XS-01A-01-TS1.AFFAE37C-A13F-45C6-A323-025B310C46E0,2,1024,1024,4096,1357
TCGA-A2-A3XT-01A-01-TSA.8B6C4952-F4D6-42C2-86FD-54C42917AC77,2,1024,1024,4096,0
TCGA-A2-A3XT-01A-01-TSA.8B6C4952-F4D6-42C2-86FD-54C42917AC77,2,1024,1024,4271,0
TCGA-A2-A3XU-01A-01-TSA.9E569A13-1F17-44E2-9D19-31D8FB19ED4A,2,1024,1024,4096,1024
TCGA-A2-A3XU-01A-01-TSA.9E569A13-1F17-44E2-9D19-31D8FB19ED4A,2,1024,1024,4096,1051
TCGA-A2-A3XW-01A-01-TSA.9E735B6D-B89D-4A42-9150-3A3CCBACF061,2,1024,1024,5120,0
TCGA-A2-A3XW-01A-01-TSA.9E735B6D-B89D-4A42-9150-3A3CCBACF061,2,1024,1024,5120,71
TCGA-A2-A3XX-01A-02-TSB.01B489E3-2FE7-4ED4-AF28-04850E1FD9FF,2,1024,1024,0,1024
TCGA-A2-A3XX-01A-02-TSB.01B489E3-2FE7-4ED4-AF28-04850E1FD9FF,2,1024,1024,1024,1024
TCGA-A2-A3XX-01A-02-TSB.01B489E3-2FE7-4ED4-AF28-04850E1FD9FF,2,1024,1024,4096,1024
TCGA-A2-A3XX-01A-02-TSB.01B489E3-2FE7-4ED4-AF28-04850E1FD9FF,2,1024,1024,4687,1024
TCGA-A2-A3XY-01A-01-TSA.6437CD74-9C3D-481E-923E-00A8681EC078,2,1024,1024,3072,0
TCGA-A2-A3XZ-01A-04-TSD.F4F20F43-4A8B-4697-A46A-E43250604983,2,1024,1024,0,0
TCGA-A2-A3XZ-01A-04-TSD.F4F20F43-4A8B-4697-A46A-E43250604983,2,1024,1024,4096,0
TCGA-A2-A3Y0-01A-01-TSA.E893B34E-47F9-4B40-B0AC-3D217F32F614,2,1024,1024,1024,0
TCGA-A2-A04N-01A-01-TSA.a50fe5fd-8966-4b48-b012-4db45bd71ff7,2,1024,1024,0,0
TCGA-A2-A04P-01A-03-TSC.a3d91959-eb6a-4ddd-ac83-c1e0217577cf,2,1024,1024,4096,0
TCGA-A2-A04P-01A-03-TSC.a3d91959-eb6a-4ddd-ac83-c1e0217577cf,2,1024,1024,4569,0
TCGA-A2-A04Q-01A-02-TSB.abf5f4de-662d-4479-a556-2cf0b59d4ee3,2,1024,1024,0,0
TCGA-A2-A04Q-01A-02-TSB.abf5f4de-662d-4479-a556-2cf0b59d4ee3,2,1024,1024,5080,384
TCGA-A2-A04R-01A-04-TSD.f8e56971-436f-495e-a7c2-3a147059fc62,2,1024,1024,1024,0
TCGA-A2-A04R-01A-04-TSD.f8e56971-436f-495e-a7c2-3a147059fc62,2,1024,1024,5120,1020
TCGA-A2-A04T-01A-02-TSB.93063466-272a-42e9-b4cb-ccf262b7e4c4,2,1024,1024,0,0
TCGA-A2-A04T-01A-02-TSB.93063466-272a-42e9-b4cb-ccf262b7e4c4,2,1024,1024,3072,0
TCGA-A2-A04T-01A-02-TSB.93063466-272a-42e9-b4cb-ccf262b7e4c4,2,1024,1024,3072,474
TCGA-A2-A04T-01A-02-TSB.93063466-272a-42e9-b4cb-ccf262b7e4c4,2,1024,1024,3344,0
TCGA-A2-A04T-01A-02-TSB.93063466-272a-42e9-b4cb-ccf262b7e4c4,2,1024,1024,3344,474
TCGA-A2-A04U-01A-01-TSA.d9c6a9aa-23c9-43d8-a59d-d5d4b474cbb6,2,1024,1024,5120,732
TCGA-A2-A04U-01A-01-TSA.d9c6a9aa-23c9-43d8-a59d-d5d4b474cbb6,2,1024,1024,5559,0
TCGA-A2-A04U-01A-01-TSA.d9c6a9aa-23c9-43d8-a59d-d5d4b474cbb6,2,1024,1024,5559,732
TCGA-A2-A04V-01A-02-MS2.9f2d5cc6-ef65-4465-bec7-4d7151ad39f1,2,1024,1024,0,0
TCGA-A2-A04V-01A-02-MS2.9f2d5cc6-ef65-4465-bec7-4d7151ad39f1,2,1024,1024,6144,0
TCGA-A2-A04W-01A-03-TSC.83981bb3-9dfd-4632-91c0-00068ad599f3,2,1024,1024,1024,0
TCGA-A2-A04W-01A-03-TSC.83981bb3-9dfd-4632-91c0-00068ad599f3,2,1024,1024,2926,0
TCGA-A2-A04W-01A-03-TSC.83981bb3-9dfd-4632-91c0-00068ad599f3,2,1024,1024,2926,444
TCGA-A2-A04Y-01A-02-MS2.42e84e21-3226-4585-9865-3b624fca05bd,2,1024,1024,0,0
TCGA-A2-A04Y-01A-02-MS2.42e84e21-3226-4585-9865-3b624fca05bd,2,1024,1024,3072,1024
TCGA-A2-A04Y-01A-02-MS2.42e84e21-3226-4585-9865-3b624fca05bd,2,1024,1024,3072,1064
TCGA-A2-A04Y-01A-02-MS2.42e84e21-3226-4585-9865-3b624fca05bd,2,1024,1024,3285,1024
TCGA-A2-A04Y-01A-02-MS2.42e84e21-3226-4585-9865-3b624fca05bd,2,1024,1024,3285,1064
TCGA-A2-A4RW-01A-02-TSB.32243877-C7DF-4FA5-BCA9-031B6E8F085F,2,1024,1024,0,1024
TCGA-A2-A4RW-01A-02-TSB.32243877-C7DF-4FA5-BCA9-031B6E8F085F,2,1024,1024,1024,1024
TCGA-A2-A4RW-01A-02-TSB.32243877-C7DF-4FA5-BCA9-031B6E8F085F,2,1024,1024,4096,1024
TCGA-A2-A4RY-01A-03-TSC.AD01C137-2742-4508-A068-D87CAE17E1DA,2,1024,1024,4096,0
TCGA-A2-A4RY-01A-03-TSC.AD01C137-2742-4508-A068-D87CAE17E1DA,2,1024,1024,4096,848
TCGA-A2-A4S0-01A-02-TSB.F1106319-81B9-4561-B6E3-D50282A0E42A,2,1024,1024,3072,0
TCGA-A2-A4S1-01A-02-TSB.98FEC101-A8CD-407A-9AE0-5ABDD8CB8DCC,2,1024,1024,1024,882
TCGA-A2-A4S1-01A-02-TSB.98FEC101-A8CD-407A-9AE0-5ABDD8CB8DCC,2,1024,1024,4096,0
TCGA-A2-A4S1-01A-02-TSB.98FEC101-A8CD-407A-9AE0-5ABDD8CB8DCC,2,1024,1024,6144,0
TCGA-A2-A4S2-01A-01-TSA.2C323592-205E-4066-AC07-3CF055B9089C,2,1024,1024,1024,0
TCGA-A2-A4S2-01A-01-TSA.2C323592-205E-4066-AC07-3CF055B9089C,2,1024,1024,5120,0
TCGA-A2-A4S2-01A-01-TSA.2C323592-205E-4066-AC07-3CF055B9089C,2,1024,1024,6144,0
TCGA-A2-A4S3-01A-02-TSB.8DF9D6C3-017C-448F-A04B-68F2F69279B7,2,1024,1024,1024,0
TCGA-A2-A4S3-01A-02-TSB.8DF9D6C3-017C-448F-A04B-68F2F69279B7,2,1024,1024,5120,0
TCGA-A2-A4S3-01A-02-TSB.8DF9D6C3-017C-448F-A04B-68F2F69279B7,2,1024,1024,5120,953
TCGA-A2-A25A-01A-01-TSA.e00dd3e2-e129-4dc6-84a4-5a6385e8bb29,2,1024,1024,0,0
TCGA-A2-A25A-01A-01-TSA.e00dd3e2-e129-4dc6-84a4-5a6385e8bb29,2,1024,1024,0,547
TCGA-A2-A25A-01A-01-TSA.e00dd3e2-e129-4dc6-84a4-5a6385e8bb29,2,1024,1024,3795,0
TCGA-A2-A25B-01A-01-TSA.43dd69c3-6ce1-478c-9e4d-ee01974ef7bf,2,1024,1024,0,1024
TCGA-A2-A25B-01A-01-TSA.43dd69c3-6ce1-478c-9e4d-ee01974ef7bf,2,1024,1024,0,1356
TCGA-A2-A25B-01A-01-TSA.43dd69c3-6ce1-478c-9e4d-ee01974ef7bf,2,1024,1024,4096,0
TCGA-A2-A25B-01A-01-TSA.43dd69c3-6ce1-478c-9e4d-ee01974ef7bf,2,1024,1024,4096,1024
TCGA-A2-A25B-01A-01-TSA.43dd69c3-6ce1-478c-9e4d-ee01974ef7bf,2,1024,1024,4211,0
TCGA-A2-A25B-01A-01-TSA.43dd69c3-6ce1-478c-9e4d-ee01974ef7bf,2,1024,1024,4211,1024
TCGA-A2-A25D-01A-01-TSA.f5616a1d-8a54-43a1-ade2-c3e63f8db896,2,1024,1024,0,0
TCGA-A2-A25D-01A-01-TSA.f5616a1d-8a54-43a1-ade2-c3e63f8db896,2,1024,1024,0,426
TCGA-A2-A25D-01A-01-TSA.f5616a1d-8a54-43a1-ade2-c3e63f8db896,2,1024,1024,4096,0
TCGA-A2-A25D-01A-01-TSA.f5616a1d-8a54-43a1-ade2-c3e63f8db896,2,1024,1024,4096,426
TCGA-A2-A259-01A-01-TSA.73bdd76e-4e45-4e13-90db-c996e5446c94,2,1024,1024,0,0
TCGA-A7-A0CD-01A-01-TSA.8966c3d7-c0d2-47a4-badf-df9412a1e5f0,2,1024,1024,0,1024
TCGA-A7-A0CD-01A-01-TSA.8966c3d7-c0d2-47a4-badf-df9412a1e5f0,2,1024,1024,1024,1024
TCGA-A7-A0CD-01A-01-TSA.8966c3d7-c0d2-47a4-badf-df9412a1e5f0,2,1024,1024,4096,1024
TCGA-A7-A0CD-01A-01-TSA.8966c3d7-c0d2-47a4-badf-df9412a1e5f0,2,1024,1024,4096,2048
TCGA-A7-A0CD-01A-01-TSA.8966c3d7-c0d2-47a4-badf-df9412a1e5f0,2,1024,1024,4096,2148
TCGA-A7-A0CD-01A-01-TSA.8966c3d7-c0d2-47a4-badf-df9412a1e5f0,2,1024,1024,5120,1024
TCGA-A7-A0CD-01A-01-TSA.8966c3d7-c0d2-47a4-badf-df9412a1e5f0,2,1024,1024,5120,2048
TCGA-A7-A0CD-01A-01-TSA.8966c3d7-c0d2-47a4-badf-df9412a1e5f0,2,1024,1024,7168,0
TCGA-A7-A0CD-01A-01-TSA.8966c3d7-c0d2-47a4-badf-df9412a1e5f0,2,1024,1024,7168,1024
TCGA-A7-A0CD-01A-01-TSA.8966c3d7-c0d2-47a4-badf-df9412a1e5f0,2,1024,1024,8192,1024
TCGA-A7-A0CE-01A-01-TS1.3025a9c8-a7e4-4048-bcf0-a28720c0f96b,2,1024,1024,0,1024
TCGA-A7-A0CE-01A-01-TS1.3025a9c8-a7e4-4048-bcf0-a28720c0f96b,2,1024,1024,1024,1024
TCGA-A7-A0CE-01A-01-TS1.3025a9c8-a7e4-4048-bcf0-a28720c0f96b,2,1024,1024,1024,1254
TCGA-A7-A0CE-01A-01-TS1.3025a9c8-a7e4-4048-bcf0-a28720c0f96b,2,1024,1024,2048,0
TCGA-A7-A0CE-01A-01-TS1.3025a9c8-a7e4-4048-bcf0-a28720c0f96b,2,1024,1024,5120,1024
TCGA-A7-A0CE-01A-01-TS1.3025a9c8-a7e4-4048-bcf0-a28720c0f96b,2,1024,1024,5120,1254
TCGA-A7-A0CE-01A-01-TS1.3025a9c8-a7e4-4048-bcf0-a28720c0f96b,2,1024,1024,6144,1024
TCGA-A7-A0CE-01A-01-TS1.3025a9c8-a7e4-4048-bcf0-a28720c0f96b,2,1024,1024,6144,1254
TCGA-A7-A0CE-01A-01-TS1.3025a9c8-a7e4-4048-bcf0-a28720c0f96b,2,1024,1024,7168,1024
TCGA-A7-A0CE-01A-01-TS1.3025a9c8-a7e4-4048-bcf0-a28720c0f96b,2,1024,1024,7257,1024
TCGA-A7-A0CG-01A-01-TS1.7c898f34-39c1-4a61-bc74-e169bce13449,2,1024,1024,0,0
TCGA-A7-A0CG-01A-01-TS1.7c898f34-39c1-4a61-bc74-e169bce13449,2,1024,1024,0,907
TCGA-A7-A0CG-01A-01-TS1.7c898f34-39c1-4a61-bc74-e169bce13449,2,1024,1024,1024,0
TCGA-A7-A0CG-01A-01-TS1.7c898f34-39c1-4a61-bc74-e169bce13449,2,1024,1024,1024,907
TCGA-A7-A0CG-01A-01-TS1.7c898f34-39c1-4a61-bc74-e169bce13449,2,1024,1024,4096,0
TCGA-A7-A0CG-01A-01-TS1.7c898f34-39c1-4a61-bc74-e169bce13449,2,1024,1024,4096,907
TCGA-A7-A0CG-01A-01-TS1.7c898f34-39c1-4a61-bc74-e169bce13449,2,1024,1024,4676,0
TCGA-A7-A0CG-01A-01-TS1.7c898f34-39c1-4a61-bc74-e169bce13449,2,1024,1024,4676,907
TCGA-A7-A0CJ-01A-02-TSB.e090ba35-b5b7-469f-a267-8c8c68bc2c2b,2,1024,1024,0,0
TCGA-A7-A0CJ-01A-02-TSB.e090ba35-b5b7-469f-a267-8c8c68bc2c2b,2,1024,1024,0,417
TCGA-A7-A0CJ-01A-02-TSB.e090ba35-b5b7-469f-a267-8c8c68bc2c2b,2,1024,1024,1024,0
TCGA-A7-A0CJ-01A-02-TSB.e090ba35-b5b7-469f-a267-8c8c68bc2c2b,2,1024,1024,1024,417
TCGA-A7-A0CJ-01A-02-TSB.e090ba35-b5b7-469f-a267-8c8c68bc2c2b,2,1024,1024,4096,0
TCGA-A7-A0CJ-01A-02-TSB.e090ba35-b5b7-469f-a267-8c8c68bc2c2b,2,1024,1024,4096,417
TCGA-A7-A0DA-01A-03-TS3.fec083e6-27fd-41ee-b44b-7bb1f9ec2d12,2,1024,1024,2048,0
TCGA-A7-A0DA-01A-03-TS3.fec083e6-27fd-41ee-b44b-7bb1f9ec2d12,2,1024,1024,5120,0
TCGA-A7-A0DA-01A-03-TS3.fec083e6-27fd-41ee-b44b-7bb1f9ec2d12,2,1024,1024,6144,0
TCGA-A7-A0DA-01A-03-TS3.fec083e6-27fd-41ee-b44b-7bb1f9ec2d12,2,1024,1024,7168,0
TCGA-A7-A0DA-01A-03-TS3.fec083e6-27fd-41ee-b44b-7bb1f9ec2d12,2,1024,1024,7474,0
TCGA-A7-A0DB-01A-01-TSA.490f70ed-fcdf-442d-b750-039b22d9464f,2,1024,1024,4096,1024
TCGA-A7-A0DB-01A-01-TSA.490f70ed-fcdf-442d-b750-039b22d9464f,2,1024,1024,4096,1417
TCGA-A7-A0DB-01A-01-TSA.490f70ed-fcdf-442d-b750-039b22d9464f,2,1024,1024,8192,1024
TCGA-A7-A0DB-01A-01-TSA.490f70ed-fcdf-442d-b750-039b22d9464f,2,1024,1024,8192,1417
TCGA-A7-A0DB-01A-01-TSA.490f70ed-fcdf-442d-b750-039b22d9464f,2,1024,1024,8372,1024
TCGA-A7-A2KD-01A-03-TSC.CC1E46B0-7920-4F91-AE61-A9A78BF724DB,2,1024,1024,0,0
TCGA-A7-A2KD-01A-03-TSC.CC1E46B0-7920-4F91-AE61-A9A78BF724DB,2,1024,1024,0,547
TCGA-A7-A2KD-01A-03-TSC.CC1E46B0-7920-4F91-AE61-A9A78BF724DB,2,1024,1024,3072,0
TCGA-A7-A2KD-01A-03-TSC.CC1E46B0-7920-4F91-AE61-A9A78BF724DB,2,1024,1024,3072,547
TCGA-A7-A2KD-01A-03-TSC.CC1E46B0-7920-4F91-AE61-A9A78BF724DB,2,1024,1024,3379,0
TCGA-A7-A3IY-01A-02-TSB.6F9F17E8-548D-4FCA-83D8-1E3C62882BF5,2,1024,1024,5120,0
TCGA-A7-A3IY-01A-02-TSB.6F9F17E8-548D-4FCA-83D8-1E3C62882BF5,2,1024,1024,5120,374
TCGA-A7-A3IZ-01A-01-TSA.EFEAFBBB-4EED-4894-BAFD-77AAC5783062,2,1024,1024,0,0
TCGA-A7-A3IZ-01A-01-TSA.EFEAFBBB-4EED-4894-BAFD-77AAC5783062,2,1024,1024,3072,619
TCGA-A7-A3J0-01A-01-TSA.B5370575-81BF-4A6F-9701-BD12587AE98C,2,1024,1024,1024,0
TCGA-A7-A3J0-01A-01-TSA.B5370575-81BF-4A6F-9701-BD12587AE98C,2,1024,1024,4096,0
TCGA-A7-A3J0-01A-01-TSA.B5370575-81BF-4A6F-9701-BD12587AE98C,2,1024,1024,4096,686
TCGA-A7-A3J1-01A-01-TSA.D14A671A-1EF3-4D1D-8253-B2D573FAE447,2,1024,1024,5120,1024
TCGA-A7-A4SA-11A-03-TS3.85ABFBA5-F025-4DFF-B0EA-7F5A2C463B20,2,1024,1024,0,287
TCGA-A7-A5ZV-01A-01-TS1.7D506802-D2B5-4BFB-AB73-B62C87558D9B,2,1024,1024,0,0
TCGA-A7-A5ZV-01A-01-TS1.7D506802-D2B5-4BFB-AB73-B62C87558D9B,2,1024,1024,5120,986
TCGA-A7-A5ZW-01A-01-TS1.06909389-EBB0-43BB-AE11-A1C0449EADFA,2,1024,1024,0,0
TCGA-A7-A5ZW-01A-01-TS1.06909389-EBB0-43BB-AE11-A1C0449EADFA,2,1024,1024,1024,0
TCGA-A7-A5ZW-01A-01-TS1.06909389-EBB0-43BB-AE11-A1C0449EADFA,2,1024,1024,6144,633
TCGA-A7-A5ZW-01A-01-TS1.06909389-EBB0-43BB-AE11-A1C0449EADFA,2,1024,1024,6157,633
TCGA-A7-A5ZX-01A-01-TS1.34A6187F-702F-49C0-BF87-4C496FB5DD43,2,1024,1024,0,0
TCGA-A7-A5ZX-01A-01-TS1.34A6187F-702F-49C0-BF87-4C496FB5DD43,2,1024,1024,4096,848
TCGA-A7-A5ZX-01A-01-TS1.34A6187F-702F-49C0-BF87-4C496FB5DD43,2,1024,1024,4841,848
TCGA-A7-A6VW-01A-02-TS2.4A09D2AC-A574-40F1-9247-2729EFD0EDAA,2,1024,1024,1024,0
TCGA-A7-A6VW-01A-02-TS2.4A09D2AC-A574-40F1-9247-2729EFD0EDAA,2,1024,1024,1024,501
TCGA-A7-A6VW-01A-02-TS2.4A09D2AC-A574-40F1-9247-2729EFD0EDAA,2,1024,1024,4096,0
TCGA-A7-A6VW-01A-02-TS2.4A09D2AC-A574-40F1-9247-2729EFD0EDAA,2,1024,1024,4096,501
TCGA-A7-A13D-01A-01-TS1.e486c65b-370b-41df-8cd9-bcadaf1f88bd,2,1024,1024,4096,1024
TCGA-A7-A13D-01A-01-TS1.e486c65b-370b-41df-8cd9-bcadaf1f88bd,2,1024,1024,4096,1169
TCGA-A7-A13D-01A-01-TS1.e486c65b-370b-41df-8cd9-bcadaf1f88bd,2,1024,1024,4362,1024
TCGA-A7-A13D-01A-01-TS1.e486c65b-370b-41df-8cd9-bcadaf1f88bd,2,1024,1024,4362,1169
TCGA-A7-A13H-01A-01-MS1.D6BDC38A-8528-46CA-91EE-4069A8CCD1C5,2,1024,1024,3072,0
TCGA-A7-A26F-01A-02-TSB.3605e414-b036-4800-89b3-cb7db712c258,2,1024,1024,4096,461
TCGA-A7-A26H-01A-01-TSA.347c13da-e59c-4083-a1d1-1117d056129a,2,1024,1024,4096,0
TCGA-A7-A26H-01A-01-TSA.347c13da-e59c-4083-a1d1-1117d056129a,2,1024,1024,4096,646
TCGA-A7-A26H-01A-01-TSA.347c13da-e59c-4083-a1d1-1117d056129a,2,1024,1024,4331,0
TCGA-A7-A26H-01A-01-TSA.347c13da-e59c-4083-a1d1-1117d056129a,2,1024,1024,4331,646
TCGA-A7-A26I-01A-01-TSA.2fd782cc-a69a-4c7d-92a3-50f0c6351968,2,1024,1024,0,0
TCGA-A7-A26I-01A-01-TSA.2fd782cc-a69a-4c7d-92a3-50f0c6351968,2,1024,1024,3072,1024
TCGA-A7-A26I-01A-01-TSA.2fd782cc-a69a-4c7d-92a3-50f0c6351968,2,1024,1024,3072,1191
TCGA-A7-A26I-01A-01-TSA.2fd782cc-a69a-4c7d-92a3-50f0c6351968,2,1024,1024,3557,1024
TCGA-A7-A26J-01A-01-TSA.8fbc78f7-d21e-455a-989b-3779af6a0e95,2,1024,1024,0,0
TCGA-A7-A26J-01A-01-TSA.8fbc78f7-d21e-455a-989b-3779af6a0e95,2,1024,1024,0,967
TCGA-A7-A56D-01A-01-TS1.AD278013-D26A-4CA2-9B22-308E79763904,2,1024,1024,0,0
TCGA-A7-A56D-01A-01-TS1.AD278013-D26A-4CA2-9B22-308E79763904,2,1024,1024,1024,0
TCGA-A7-A56D-01A-01-TS1.AD278013-D26A-4CA2-9B22-308E79763904,2,1024,1024,4096,0
TCGA-A7-A56D-01A-01-TS1.AD278013-D26A-4CA2-9B22-308E79763904,2,1024,1024,4806,0
TCGA-A8-A0A1-01A-01-TS1.eb96c625-348f-4355-a9d2-7e44853a1888,2,1024,1024,2048,1024
TCGA-A8-A0A1-01A-01-TS1.eb96c625-348f-4355-a9d2-7e44853a1888,2,1024,1024,6144,0
TCGA-A8-A0A1-01A-01-TS1.eb96c625-348f-4355-a9d2-7e44853a1888,2,1024,1024,6144,1024
TCGA-A8-A0A6-01A-01-TS1.0544eda9-a392-4eed-961d-9a0683b54b5d,2,1024,1024,1024,1024
TCGA-A8-A0A6-01A-01-TS1.0544eda9-a392-4eed-961d-9a0683b54b5d,2,1024,1024,1024,1592
TCGA-A8-A0A6-01A-01-TS1.0544eda9-a392-4eed-961d-9a0683b54b5d,2,1024,1024,5120,1024
TCGA-A8-A0A6-01A-01-TS1.0544eda9-a392-4eed-961d-9a0683b54b5d,2,1024,1024,5120,1592
TCGA-A8-A0A6-01A-01-TS1.0544eda9-a392-4eed-961d-9a0683b54b5d,2,1024,1024,5696,1024
TCGA-A8-A0A7-01A-01-TS1.dfc11237-aff0-442f-8a39-ce81f0d4aeb1,2,1024,1024,0,1024
TCGA-A8-A0A7-01A-01-TS1.dfc11237-aff0-442f-8a39-ce81f0d4aeb1,2,1024,1024,4096,0
TCGA-A8-A0A7-01A-01-TS1.dfc11237-aff0-442f-8a39-ce81f0d4aeb1,2,1024,1024,4096,1024
TCGA-A8-A0A7-01A-01-TS1.dfc11237-aff0-442f-8a39-ce81f0d4aeb1,2,1024,1024,4721,0
TCGA-A8-A0A9-01A-01-TS1.12f6478b-a0c9-4051-8688-c40183e6e62c,2,1024,1024,1024,0
TCGA-A8-A0A9-01A-01-TS1.12f6478b-a0c9-4051-8688-c40183e6e62c,2,1024,1024,1024,866
TCGA-A8-A0A9-01A-01-TS1.12f6478b-a0c9-4051-8688-c40183e6e62c,2,1024,1024,4096,0
TCGA-A8-A0A9-01A-01-TS1.12f6478b-a0c9-4051-8688-c40183e6e62c,2,1024,1024,4096,866
TCGA-A8-A0A9-01A-01-TS1.12f6478b-a0c9-4051-8688-c40183e6e62c,2,1024,1024,4316,866
TCGA-A8-A0AB-01A-01-TS1.caa920cc-a74f-41a3-9b12-d8143dda8786,2,1024,1024,0,1024
TCGA-A8-A0AB-01A-01-TS1.caa920cc-a74f-41a3-9b12-d8143dda8786,2,1024,1024,4096,0
TCGA-A8-A0AB-01A-01-TS1.caa920cc-a74f-41a3-9b12-d8143dda8786,2,1024,1024,4136,0
TCGA-A8-A0AD-01A-01-TS1.4f7d3b85-05f4-44d2-8176-3ee94105f10f,2,1024,1024,1024,0
TCGA-A8-A0AD-01A-01-TS1.4f7d3b85-05f4-44d2-8176-3ee94105f10f,2,1024,1024,1024,1024
TCGA-A8-A0AD-01A-01-TS1.4f7d3b85-05f4-44d2-8176-3ee94105f10f,2,1024,1024,4096,1024
TCGA-A8-A0AD-01A-01-TS1.4f7d3b85-05f4-44d2-8176-3ee94105f10f,2,1024,1024,4096,1202
TCGA-A8-A06N-01A-01-TS1.0e8d431f-4df4-4e2e-a8d2-3febb0f1beb9,2,1024,1024,4096,1024
TCGA-A8-A06N-01A-01-TS1.0e8d431f-4df4-4e2e-a8d2-3febb0f1beb9,2,1024,1024,7168,1024
TCGA-A8-A06O-01A-01-TS1.c6bc9018-5000-4232-b406-8bd4d515f473,2,1024,1024,1024,0
TCGA-A8-A06O-01A-01-TS1.c6bc9018-5000-4232-b406-8bd4d515f473,2,1024,1024,5036,0
TCGA-A8-A06O-01A-01-TS1.c6bc9018-5000-4232-b406-8bd4d515f473,2,1024,1024,5036,739
TCGA-A8-A06P-01A-01-TS1.bfe56de2-bb0d-4164-ac99-cd126521b63d,2,1024,1024,0,1024
TCGA-A8-A06P-01A-01-TS1.bfe56de2-bb0d-4164-ac99-cd126521b63d,2,1024,1024,0,1047
TCGA-A8-A06P-01A-01-TS1.bfe56de2-bb0d-4164-ac99-cd126521b63d,2,1024,1024,1024,0
TCGA-A8-A06P-01A-01-TS1.bfe56de2-bb0d-4164-ac99-cd126521b63d,2,1024,1024,1024,1024
TCGA-A8-A06P-01A-01-TS1.bfe56de2-bb0d-4164-ac99-cd126521b63d,2,1024,1024,1024,1047
TCGA-A8-A06P-01A-01-TS1.bfe56de2-bb0d-4164-ac99-cd126521b63d,2,1024,1024,4096,0
TCGA-A8-A06P-01A-01-TS1.bfe56de2-bb0d-4164-ac99-cd126521b63d,2,1024,1024,4096,1024
TCGA-A8-A06P-01A-01-TS1.bfe56de2-bb0d-4164-ac99-cd126521b63d,2,1024,1024,4096,1047
TCGA-A8-A06P-01A-01-TS1.bfe56de2-bb0d-4164-ac99-cd126521b63d,2,1024,1024,4616,0
TCGA-A8-A06P-01A-01-TS1.bfe56de2-bb0d-4164-ac99-cd126521b63d,2,1024,1024,4616,1024
TCGA-A8-A06P-01A-01-TS1.bfe56de2-bb0d-4164-ac99-cd126521b63d,2,1024,1024,4616,1047
TCGA-A8-A06Q-01A-01-TS1.6a3caeab-6ec9-4829-b7e2-dbe7a6279a54,2,1024,1024,0,618
TCGA-A8-A06R-01A-01-TS1.c1e2ceb6-b40d-4ab6-a891-f8a3642dbb8e,2,1024,1024,1024,0
TCGA-A8-A06R-01A-01-TS1.c1e2ceb6-b40d-4ab6-a891-f8a3642dbb8e,2,1024,1024,1024,1024
TCGA-A8-A06R-01A-01-TS1.c1e2ceb6-b40d-4ab6-a891-f8a3642dbb8e,2,1024,1024,7168,0
TCGA-A8-A06R-01A-01-TS1.c1e2ceb6-b40d-4ab6-a891-f8a3642dbb8e,2,1024,1024,7654,0
TCGA-A8-A06T-01A-01-TS1.c5584b57-d2a6-45dc-aebb-33f801b5a3f0,2,1024,1024,4096,0
TCGA-A8-A06T-01A-01-TS1.c5584b57-d2a6-45dc-aebb-33f801b5a3f0,2,1024,1024,4096,297
TCGA-A8-A06X-01A-02-MS2.0554a423-cfcb-4daa-9c57-dd3960aa2614,2,1024,1024,0,0
TCGA-A8-A06X-01A-02-MS2.0554a423-cfcb-4daa-9c57-dd3960aa2614,2,1024,1024,0,1024
TCGA-A8-A06X-01A-02-MS2.0554a423-cfcb-4daa-9c57-dd3960aa2614,2,1024,1024,1024,0
TCGA-A8-A06X-01A-02-MS2.0554a423-cfcb-4daa-9c57-dd3960aa2614,2,1024,1024,1024,1024
TCGA-A8-A06X-01A-02-MS2.0554a423-cfcb-4daa-9c57-dd3960aa2614,2,1024,1024,1024,1256
TCGA-A8-A06X-01A-02-MS2.0554a423-cfcb-4daa-9c57-dd3960aa2614,2,1024,1024,4096,0
TCGA-A8-A06X-01A-02-MS2.0554a423-cfcb-4daa-9c57-dd3960aa2614,2,1024,1024,4096,1024
TCGA-A8-A06X-01A-02-MS2.0554a423-cfcb-4daa-9c57-dd3960aa2614,2,1024,1024,5120,0
TCGA-A8-A06X-01A-02-MS2.0554a423-cfcb-4daa-9c57-dd3960aa2614,2,1024,1024,5120,1024
TCGA-A8-A06X-01A-02-MS2.0554a423-cfcb-4daa-9c57-dd3960aa2614,2,1024,1024,5120,1256
TCGA-A8-A06X-01A-02-MS2.0554a423-cfcb-4daa-9c57-dd3960aa2614,2,1024,1024,5798,0
TCGA-A8-A07B-01A-01-TS1.0e9cc322-519c-49e1-ab3b-25e66a24ef92,2,1024,1024,0,0
TCGA-A8-A07B-01A-01-TS1.0e9cc322-519c-49e1-ab3b-25e66a24ef92,2,1024,1024,0,237
TCGA-A8-A07B-01A-01-TS1.0e9cc322-519c-49e1-ab3b-25e66a24ef92,2,1024,1024,1024,0
TCGA-A8-A07B-01A-01-TS1.0e9cc322-519c-49e1-ab3b-25e66a24ef92,2,1024,1024,1024,237
TCGA-A8-A07B-01A-01-TS1.0e9cc322-519c-49e1-ab3b-25e66a24ef92,2,1024,1024,5120,0
TCGA-A8-A07B-01A-01-TS1.0e9cc322-519c-49e1-ab3b-25e66a24ef92,2,1024,1024,5120,237
TCGA-A8-A07B-01A-01-TS1.0e9cc322-519c-49e1-ab3b-25e66a24ef92,2,1024,1024,5738,0
TCGA-A8-A07B-01A-01-TS1.0e9cc322-519c-49e1-ab3b-25e66a24ef92,2,1024,1024,5738,237
TCGA-A8-A07C-01A-01-TS1.7dee31cc-5d71-4358-b225-6010ad89c170,2,1024,1024,0,0
TCGA-A8-A07C-01A-01-TS1.7dee31cc-5d71-4358-b225-6010ad89c170,2,1024,1024,1024,0
TCGA-A8-A07C-01A-01-TS1.7dee31cc-5d71-4358-b225-6010ad89c170,2,1024,1024,4096,1024
TCGA-A8-A07C-01A-01-TS1.7dee31cc-5d71-4358-b225-6010ad89c170,2,1024,1024,4096,1119
TCGA-A8-A07C-01A-01-TS1.7dee31cc-5d71-4358-b225-6010ad89c170,2,1024,1024,4841,1024
TCGA-A8-A07E-01A-01-TS1.6861c3fd-60df-457a-8d4f-28298d7d15c6,2,1024,1024,0,0
TCGA-A8-A07E-01A-01-TS1.6861c3fd-60df-457a-8d4f-28298d7d15c6,2,1024,1024,0,404
TCGA-A8-A07E-01A-01-TS1.6861c3fd-60df-457a-8d4f-28298d7d15c6,2,1024,1024,1024,404
TCGA-A8-A07E-01A-01-TS1.6861c3fd-60df-457a-8d4f-28298d7d15c6,2,1024,1024,4096,0
TCGA-A8-A07E-01A-01-TS1.6861c3fd-60df-457a-8d4f-28298d7d15c6,2,1024,1024,4096,404
TCGA-A8-A07E-01A-01-TS1.6861c3fd-60df-457a-8d4f-28298d7d15c6,2,1024,1024,4496,0
TCGA-A8-A07E-01A-01-TS1.6861c3fd-60df-457a-8d4f-28298d7d15c6,2,1024,1024,4496,404
TCGA-A8-A07F-01A-01-TS1.b4547802-0778-49f5-8465-4e3de9ffbf41,2,1024,1024,0,1024
TCGA-A8-A07F-01A-01-TS1.b4547802-0778-49f5-8465-4e3de9ffbf41,2,1024,1024,0,1050
TCGA-A8-A07G-01A-01-TS1.ed5520f2-535b-4bb4-b580-b2372714d3fb,2,1024,1024,4076,0
TCGA-A8-A07G-01A-01-TS1.ed5520f2-535b-4bb4-b580-b2372714d3fb,2,1024,1024,4076,237
TCGA-A8-A07I-01A-01-TSA.582a3393-09bb-43b2-907c-ba9c27db5b13,2,1024,1024,1024,0
TCGA-A8-A07I-01A-01-TSA.582a3393-09bb-43b2-907c-ba9c27db5b13,2,1024,1024,5120,707
TCGA-A8-A07I-01A-01-TSA.582a3393-09bb-43b2-907c-ba9c27db5b13,2,1024,1024,8192,0
TCGA-A8-A07I-01A-01-TSA.582a3393-09bb-43b2-907c-ba9c27db5b13,2,1024,1024,8192,707
TCGA-A8-A07J-01A-01-TS1.d11bd110-d6ef-46c3-b41c-c09ef5f61f3d,2,1024,1024,0,0
TCGA-A8-A07J-01A-01-TS1.d11bd110-d6ef-46c3-b41c-c09ef5f61f3d,2,1024,1024,0,1024
TCGA-A8-A07J-01A-01-TS1.d11bd110-d6ef-46c3-b41c-c09ef5f61f3d,2,1024,1024,3072,0
TCGA-A8-A07J-01A-01-TS1.d11bd110-d6ef-46c3-b41c-c09ef5f61f3d,2,1024,1024,3072,1024
TCGA-A8-A07J-01A-01-TS1.d11bd110-d6ef-46c3-b41c-c09ef5f61f3d,2,1024,1024,3072,1125
TCGA-AO-A0JL-01A-01-TSA.b6151e7a-75be-425c-b9b0-d93111659ce9,2,1024,1024,0,0
TCGA-AO-A0JL-01A-01-TSA.b6151e7a-75be-425c-b9b0-d93111659ce9,2,1024,1024,5120,0
TCGA-AO-A0JL-01A-01-TSA.b6151e7a-75be-425c-b9b0-d93111659ce9,2,1024,1024,5120,1024
TCGA-AO-A0JM-01A-02-TSB.d19f822d-0237-41cb-be13-4d3023dcb507,2,1024,1024,1024,299
TCGA-AO-A0JM-01A-02-TSB.d19f822d-0237-41cb-be13-4d3023dcb507,2,1024,1024,5120,0
TCGA-AO-A0JM-01A-02-TSB.d19f822d-0237-41cb-be13-4d3023dcb507,2,1024,1024,5120,299
TCGA-AO-A0JM-01A-02-TSB.d19f822d-0237-41cb-be13-4d3023dcb507,2,1024,1024,5918,0
TCGA-AO-A0JM-01A-02-TSB.d19f822d-0237-41cb-be13-4d3023dcb507,2,1024,1024,5918,299
TCGA-AO-A1KQ-01A-01-TSA.7154a02c-5a29-46ea-94d9-6453a6125e15,2,1024,1024,3072,0
TCGA-AO-A1KQ-01A-01-TSA.7154a02c-5a29-46ea-94d9-6453a6125e15,2,1024,1024,3072,1024
TCGA-AO-A1KQ-01A-01-TSA.7154a02c-5a29-46ea-94d9-6453a6125e15,2,1024,1024,3072,1069
TCGA-AO-A1KR-01A-01-TSA.78fa04a1-d5f6-4468-9da5-72e7abb8de86,2,1024,1024,4096,0
TCGA-AO-A1KS-01A-01-TSA.45cfd1b6-e36a-4262-889a-e8540d9244f0,2,1024,1024,0,0
TCGA-AO-A1KS-01A-01-TSA.45cfd1b6-e36a-4262-889a-e8540d9244f0,2,1024,1024,4096,0
TCGA-AO-A1KT-01A-01-TSA.896a18ea-090c-4adc-aa95-7614c17ff75d,2,1024,1024,0,1024
TCGA-AO-A1KT-01A-01-TSA.896a18ea-090c-4adc-aa95-7614c17ff75d,2,1024,1024,1024,1024
TCGA-AO-A1KT-01A-01-TSA.896a18ea-090c-4adc-aa95-7614c17ff75d,2,1024,1024,1024,1142
TCGA-AO-A1KT-01A-01-TSA.896a18ea-090c-4adc-aa95-7614c17ff75d,2,1024,1024,3072,0
TCGA-AO-A1KT-01A-01-TSA.896a18ea-090c-4adc-aa95-7614c17ff75d,2,1024,1024,3072,1024
TCGA-AO-A1KT-01A-01-TSA.896a18ea-090c-4adc-aa95-7614c17ff75d,2,1024,1024,3072,1142
TCGA-AO-A1KT-01A-01-TSA.896a18ea-090c-4adc-aa95-7614c17ff75d,2,1024,1024,4096,0
TCGA-AO-A1KT-01A-01-TSA.896a18ea-090c-4adc-aa95-7614c17ff75d,2,1024,1024,4096,1024
TCGA-AO-A03L-01A-04-TS4.d45ba175-ccc7-471a-a4ca-d50404e133f4,2,1024,1024,5120,767
TCGA-AO-A03L-01A-04-TS4.d45ba175-ccc7-471a-a4ca-d50404e133f4,2,1024,1024,5456,767
TCGA-AO-A03M-01B-01-TSA.269edc5c-d85e-4ba2-99e1-ee2d9ca12797,2,1024,1024,1024,0
TCGA-AO-A03M-01B-01-TSA.269edc5c-d85e-4ba2-99e1-ee2d9ca12797,2,1024,1024,1024,1024
TCGA-AO-A03M-01B-01-TSA.269edc5c-d85e-4ba2-99e1-ee2d9ca12797,2,1024,1024,2048,0
TCGA-AO-A03M-01B-01-TSA.269edc5c-d85e-4ba2-99e1-ee2d9ca12797,2,1024,1024,2048,1024
TCGA-AO-A03M-01B-01-TSA.269edc5c-d85e-4ba2-99e1-ee2d9ca12797,2,1024,1024,5120,1024
TCGA-AO-A03M-01B-01-TSA.269edc5c-d85e-4ba2-99e1-ee2d9ca12797,2,1024,1024,6144,1024
TCGA-AO-A03M-01B-01-TSA.269edc5c-d85e-4ba2-99e1-ee2d9ca12797,2,1024,1024,6144,1648
TCGA-AO-A03M-01B-01-TSA.269edc5c-d85e-4ba2-99e1-ee2d9ca12797,2,1024,1024,6935,1024
TCGA-AO-A03N-01B-01-TSA.de5656d3-c870-4d3b-88c6-f117a4357185,2,1024,1024,0,1024
TCGA-AO-A03N-01B-01-TSA.de5656d3-c870-4d3b-88c6-f117a4357185,2,1024,1024,0,1058
TCGA-AO-A03O-01A-01-TS1.dbeaa688-64e0-48ce-bd9a-cfba3407bca6,2,1024,1024,0,0
TCGA-AO-A03O-01A-01-TS1.dbeaa688-64e0-48ce-bd9a-cfba3407bca6,2,1024,1024,0,40
TCGA-AO-A03O-01A-01-TS1.dbeaa688-64e0-48ce-bd9a-cfba3407bca6,2,1024,1024,3943,0
TCGA-AO-A03O-01A-01-TS1.dbeaa688-64e0-48ce-bd9a-cfba3407bca6,2,1024,1024,3943,40
TCGA-AO-A03P-01A-01-TS1.32f23b98-dedf-4dce-b103-e1d2323a888c,2,1024,1024,1024,0
TCGA-AO-A03P-01A-01-TS1.32f23b98-dedf-4dce-b103-e1d2323a888c,2,1024,1024,1024,582
TCGA-AO-A03P-01A-01-TS1.32f23b98-dedf-4dce-b103-e1d2323a888c,2,1024,1024,6144,0
TCGA-AO-A03P-01A-01-TS1.32f23b98-dedf-4dce-b103-e1d2323a888c,2,1024,1024,6144,582
TCGA-AO-A03P-01A-01-TS1.32f23b98-dedf-4dce-b103-e1d2323a888c,2,1024,1024,6636,0
TCGA-AO-A03P-01A-01-TS1.32f23b98-dedf-4dce-b103-e1d2323a888c,2,1024,1024,6636,582
TCGA-AO-A03U-01B-02-TSB.b659ef3d-7667-4200-8c60-03108efa8c97,2,1024,1024,1024,0
TCGA-AO-A03U-01B-02-TSB.b659ef3d-7667-4200-8c60-03108efa8c97,2,1024,1024,4096,0
TCGA-AO-A12A-01A-02-TSB.b5bd72c7-f3a2-4b0f-abe7-0aac51898dca,2,1024,1024,3072,1024
TCGA-AO-A12B-01A-01-TSA.635646b4-dc81-45e2-92b1-8f087abc5240,2,1024,1024,5120,0
TCGA-AO-A12C-01A-01-TSA.1a16f83d-8699-4f04-97ff-54ef8f460938,2,1024,1024,0,1024
TCGA-AO-A12C-01A-01-TSA.1a16f83d-8699-4f04-97ff-54ef8f460938,2,1024,1024,1024,0
TCGA-AO-A12C-01A-01-TSA.1a16f83d-8699-4f04-97ff-54ef8f460938,2,1024,1024,1024,1024
TCGA-AO-A12C-01A-01-TSA.1a16f83d-8699-4f04-97ff-54ef8f460938,2,1024,1024,3072,1024
TCGA-AO-A12C-01A-01-TSA.1a16f83d-8699-4f04-97ff-54ef8f460938,2,1024,1024,4096,1024
TCGA-AO-A12D-01A-01-TSA.f28ffd60-5d5f-4fec-8776-bf587f1f2496,2,1024,1024,1024,1024
TCGA-AO-A12D-01A-01-TSA.f28ffd60-5d5f-4fec-8776-bf587f1f2496,2,1024,1024,1024,1280
TCGA-AO-A12D-01A-01-TSA.f28ffd60-5d5f-4fec-8776-bf587f1f2496,2,1024,1024,3072,0
TCGA-AO-A12D-01A-01-TSA.f28ffd60-5d5f-4fec-8776-bf587f1f2496,2,1024,1024,3072,1024
TCGA-AO-A12E-01A-01-TSA.5c7b82d0-dca5-4778-bc30-1201e08dd832,2,1024,1024,0,1024
TCGA-AO-A12G-01A-01-TSA.7488a641-9de9-4cee-be43-b8c7ad3de976,2,1024,1024,0,0
TCGA-AO-A12G-01A-01-TSA.7488a641-9de9-4cee-be43-b8c7ad3de976,2,1024,1024,0,994
TCGA-AO-A12G-01A-01-TSA.7488a641-9de9-4cee-be43-b8c7ad3de976,2,1024,1024,3072,0
TCGA-AO-A12G-01A-01-TSA.7488a641-9de9-4cee-be43-b8c7ad3de976,2,1024,1024,3072,994
TCGA-AO-A12H-01A-01-TSA.77c4bc81-d785-454c-91a9-bb092baf8079,2,1024,1024,6144,1024
TCGA-AO-A125-01A-01-TS1.5472ee35-9a7b-4f8b-8809-657c2cd72810,2,1024,1024,0,1024
TCGA-AO-A125-01A-01-TS1.5472ee35-9a7b-4f8b-8809-657c2cd72810,2,1024,1024,1024,1024
TCGA-AO-A125-01A-01-TS1.5472ee35-9a7b-4f8b-8809-657c2cd72810,2,1024,1024,4096,1024
TCGA-AO-A125-01A-01-TS1.5472ee35-9a7b-4f8b-8809-657c2cd72810,2,1024,1024,4096,1942
TCGA-AO-A126-01A-01-TSA.399484a5-e833-4acd-a73b-1fd5a684e7c1,2,1024,1024,1024,0
TCGA-AO-A126-01A-01-TSA.399484a5-e833-4acd-a73b-1fd5a684e7c1,2,1024,1024,4096,0
TCGA-AO-A126-01A-01-TSA.399484a5-e833-4acd-a73b-1fd5a684e7c1,2,1024,1024,4096,1020
TCGA-AO-A128-01A-01-TSA.6bd59663-0c98-4fd6-8b4a-87b47541e08b,2,1024,1024,1024,1024
TCGA-AO-A128-01A-01-TSA.6bd59663-0c98-4fd6-8b4a-87b47541e08b,2,1024,1024,1024,1505
TCGA-AO-A128-01A-01-TSA.6bd59663-0c98-4fd6-8b4a-87b47541e08b,2,1024,1024,6144,1024
TCGA-AO-A129-01A-02-TSB.427ec681-3c44-4d87-bfe5-525df3ade7f2,2,1024,1024,4096,2048
TCGA-AQ-A0Y5-01A-01-MSA.e8612b52-6969-4d03-aa70-0f11fb2de46f,2,1024,1024,0,0
TCGA-AQ-A0Y5-01A-01-MSA.e8612b52-6969-4d03-aa70-0f11fb2de46f,2,1024,1024,0,531
TCGA-AQ-A0Y5-01A-01-MSA.e8612b52-6969-4d03-aa70-0f11fb2de46f,2,1024,1024,3072,0
TCGA-AQ-A0Y5-01A-01-MSA.e8612b52-6969-4d03-aa70-0f11fb2de46f,2,1024,1024,3072,531
TCGA-AQ-A0Y5-01A-01-MSA.e8612b52-6969-4d03-aa70-0f11fb2de46f,2,1024,1024,5120,0
TCGA-AQ-A0Y5-01A-01-MSA.e8612b52-6969-4d03-aa70-0f11fb2de46f,2,1024,1024,5120,531
TCGA-AQ-A0Y5-01A-01-MSA.e8612b52-6969-4d03-aa70-0f11fb2de46f,2,1024,1024,5937,0
TCGA-AQ-A0Y5-01A-01-MSA.e8612b52-6969-4d03-aa70-0f11fb2de46f,2,1024,1024,5937,531
TCGA-AQ-A04H-01B-01-TS1.8687d3dc-67e8-4367-b1bb-ebae55e7f19e,2,1024,1024,1024,0
TCGA-AQ-A04H-01B-01-TS1.8687d3dc-67e8-4367-b1bb-ebae55e7f19e,2,1024,1024,1024,813
TCGA-AQ-A04H-01B-01-TS1.8687d3dc-67e8-4367-b1bb-ebae55e7f19e,2,1024,1024,4096,0
TCGA-AQ-A04H-01B-01-TS1.8687d3dc-67e8-4367-b1bb-ebae55e7f19e,2,1024,1024,5120,0
TCGA-AQ-A04H-01B-01-TS1.8687d3dc-67e8-4367-b1bb-ebae55e7f19e,2,1024,1024,5320,0
TCGA-AQ-A04J-01A-02-MS2.e47ffa6a-8d29-4a72-885f-be1d984b00c7,2,1024,1024,1024,1024
TCGA-AQ-A04J-01A-02-MS2.e47ffa6a-8d29-4a72-885f-be1d984b00c7,2,1024,1024,1024,1494
TCGA-AQ-A04J-01A-02-MS2.e47ffa6a-8d29-4a72-885f-be1d984b00c7,2,1024,1024,2048,1024
TCGA-AQ-A04J-01A-02-MS2.e47ffa6a-8d29-4a72-885f-be1d984b00c7,2,1024,1024,2048,1494
TCGA-AQ-A04J-01A-02-MS2.e47ffa6a-8d29-4a72-885f-be1d984b00c7,2,1024,1024,5120,1024
TCGA-AQ-A04J-01A-02-MS2.e47ffa6a-8d29-4a72-885f-be1d984b00c7,2,1024,1024,5696,1024
TCGA-AQ-A04L-01B-02-TSB.fb5e4cf2-39a4-40d1-b7c4-6e2672097bfe,2,1024,1024,0,0
TCGA-AQ-A04L-01B-02-TSB.fb5e4cf2-39a4-40d1-b7c4-6e2672097bfe,2,1024,1024,0,175
TCGA-AQ-A04L-01B-02-TSB.fb5e4cf2-39a4-40d1-b7c4-6e2672097bfe,2,1024,1024,2626,0
TCGA-AQ-A04L-01B-02-TSB.fb5e4cf2-39a4-40d1-b7c4-6e2672097bfe,2,1024,1024,2626,175
TCGA-AQ-A7U7-01A-02-TSB.CC7A55C4-13CA-43B5-A623-EABD929C9313,2,1024,1024,0,0
TCGA-AQ-A7U7-01A-02-TSB.CC7A55C4-13CA-43B5-A623-EABD929C9313,2,1024,1024,1024,0
TCGA-AQ-A7U7-01A-02-TSB.CC7A55C4-13CA-43B5-A623-EABD929C9313,2,1024,1024,4096,0
TCGA-AQ-A7U7-01A-02-TSB.CC7A55C4-13CA-43B5-A623-EABD929C9313,2,1024,1024,4096,677
TCGA-AQ-A7U7-01A-02-TSB.CC7A55C4-13CA-43B5-A623-EABD929C9313,2,1024,1024,4827,677
TCGA-AQ-A54O-01A-01-TSA.8BB3A7DA-F7DA-430C-934A-A2302F127862,2,1024,1024,1024,0
TCGA-AQ-A54O-01A-01-TSA.8BB3A7DA-F7DA-430C-934A-A2302F127862,2,1024,1024,1024,457
TCGA-AQ-A54O-01A-01-TSA.8BB3A7DA-F7DA-430C-934A-A2302F127862,2,1024,1024,4096,0
TCGA-AR-A0TP-01A-01-TSA.300fb1d5-301a-4a10-b9f6-615bac812e93,2,1024,1024,0,1024
TCGA-AR-A0TP-01A-01-TSA.300fb1d5-301a-4a10-b9f6-615bac812e93,2,1024,1024,1024,1024
TCGA-AR-A0TP-01A-01-TSA.300fb1d5-301a-4a10-b9f6-615bac812e93,2,1024,1024,2048,1024
TCGA-AR-A0TP-01A-01-TSA.300fb1d5-301a-4a10-b9f6-615bac812e93,2,1024,1024,2048,1654
TCGA-AR-A0TP-01A-01-TSA.300fb1d5-301a-4a10-b9f6-615bac812e93,2,1024,1024,3072,1024
TCGA-AR-A0TP-01A-01-TSA.300fb1d5-301a-4a10-b9f6-615bac812e93,2,1024,1024,3225,1024
TCGA-AR-A0TQ-01A-01-TSA.aa243f75-79d1-42b5-958a-6beaf7ae7a86,2,1024,1024,0,0
TCGA-AR-A0TQ-01A-01-TSA.aa243f75-79d1-42b5-958a-6beaf7ae7a86,2,1024,1024,1024,0
TCGA-AR-A0TQ-01A-01-TSA.aa243f75-79d1-42b5-958a-6beaf7ae7a86,2,1024,1024,1024,1024
TCGA-AR-A0TQ-01A-01-TSA.aa243f75-79d1-42b5-958a-6beaf7ae7a86,2,1024,1024,1024,1192
TCGA-AR-A0TQ-01A-01-TSA.aa243f75-79d1-42b5-958a-6beaf7ae7a86,2,1024,1024,5120,0
TCGA-AR-A0TQ-01A-01-TSA.aa243f75-79d1-42b5-958a-6beaf7ae7a86,2,1024,1024,5120,1024
TCGA-AR-A0TQ-01A-01-TSA.aa243f75-79d1-42b5-958a-6beaf7ae7a86,2,1024,1024,5120,1192
TCGA-AR-A0TQ-01A-01-TSA.aa243f75-79d1-42b5-958a-6beaf7ae7a86,2,1024,1024,5858,0
TCGA-AR-A0TQ-01A-01-TSA.aa243f75-79d1-42b5-958a-6beaf7ae7a86,2,1024,1024,5858,1024
TCGA-AR-A0TQ-01A-01-TSA.aa243f75-79d1-42b5-958a-6beaf7ae7a86,2,1024,1024,5858,1192
TCGA-AR-A0TR-01A-01-TSA.c7ef8351-ef5c-44a3-bf32-d06dde6ca154,2,1024,1024,0,617
TCGA-AR-A0TR-01A-01-TSA.c7ef8351-ef5c-44a3-bf32-d06dde6ca154,2,1024,1024,3072,0
TCGA-AR-A0TR-01A-01-TSA.c7ef8351-ef5c-44a3-bf32-d06dde6ca154,2,1024,1024,3072,617
TCGA-AR-A0TS-01A-01-TSA.d8a2a333-b508-4a11-9dc2-4f739d1ceef2,2,1024,1024,0,1024
TCGA-AR-A0TS-01A-01-TSA.d8a2a333-b508-4a11-9dc2-4f739d1ceef2,2,1024,1024,3072,0
TCGA-AR-A0TS-01A-01-TSA.d8a2a333-b508-4a11-9dc2-4f739d1ceef2,2,1024,1024,3823,0
TCGA-AR-A0TT-01A-03-TSC.6e42fa9f-569c-45cf-a316-b3d41a946f57,2,1024,1024,0,0
TCGA-AR-A0TT-01A-03-TSC.6e42fa9f-569c-45cf-a316-b3d41a946f57,2,1024,1024,0,249
TCGA-AR-A0TT-01A-03-TSC.6e42fa9f-569c-45cf-a316-b3d41a946f57,2,1024,1024,3704,0
TCGA-AR-A0TT-01A-03-TSC.6e42fa9f-569c-45cf-a316-b3d41a946f57,2,1024,1024,3704,249
TCGA-AR-A0TU-01A-03-TSC.49829f83-b36c-4494-85fe-de8fbdbda582,2,1024,1024,3072,632
TCGA-AR-A0TV-01A-02-TSB.9f3ece24-69a8-4d4d-9c2d-ab674faf9ee0,2,1024,1024,0,646
TCGA-AR-A0TV-01A-02-TSB.9f3ece24-69a8-4d4d-9c2d-ab674faf9ee0,2,1024,1024,1024,646
TCGA-AR-A0TV-01A-02-TSB.9f3ece24-69a8-4d4d-9c2d-ab674faf9ee0,2,1024,1024,3072,0
TCGA-AR-A0TV-01A-02-TSB.9f3ece24-69a8-4d4d-9c2d-ab674faf9ee0,2,1024,1024,3072,646
TCGA-AR-A0TW-01A-01-TSA.9da4de42-ef24-463d-9ad4-188023c3b40b,2,1024,1024,0,0
TCGA-AR-A0TW-01A-01-TSA.9da4de42-ef24-463d-9ad4-188023c3b40b,2,1024,1024,0,895
TCGA-AR-A0TW-01A-01-TSA.9da4de42-ef24-463d-9ad4-188023c3b40b,2,1024,1024,1024,895
TCGA-AR-A0TW-01A-01-TSA.9da4de42-ef24-463d-9ad4-188023c3b40b,2,1024,1024,4096,0
TCGA-AR-A0TW-01A-01-TSA.9da4de42-ef24-463d-9ad4-188023c3b40b,2,1024,1024,4096,895
TCGA-AR-A0TW-01A-01-TSA.9da4de42-ef24-463d-9ad4-188023c3b40b,2,1024,1024,4960,895
TCGA-AR-A0TX-01A-01-TSA.4f6a2ef2-8c09-4c9a-aea9-5601722f4e4c,2,1024,1024,0,1024
TCGA-AR-A0TX-01A-01-TSA.4f6a2ef2-8c09-4c9a-aea9-5601722f4e4c,2,1024,1024,3072,1024
TCGA-AR-A0TX-01A-01-TSA.4f6a2ef2-8c09-4c9a-aea9-5601722f4e4c,2,1024,1024,4096,1024
TCGA-AR-A0TX-01A-01-TSA.4f6a2ef2-8c09-4c9a-aea9-5601722f4e4c,2,1024,1024,4096,1423
TCGA-AR-A0TX-01A-01-TSA.4f6a2ef2-8c09-4c9a-aea9-5601722f4e4c,2,1024,1024,4482,1024
TCGA-AR-A0TX-01A-01-TSA.4f6a2ef2-8c09-4c9a-aea9-5601722f4e4c,2,1024,1024,4482,1423
TCGA-AR-A0TY-01A-01-TSA.44dd02fc-5205-42df-ae58-0686e1355bdc,2,1024,1024,3072,0
TCGA-AR-A0TY-01A-01-TSA.44dd02fc-5205-42df-ae58-0686e1355bdc,2,1024,1024,3072,789
TCGA-AR-A0TZ-01A-01-TSA.e8ec1762-8ae8-46ca-bece-0f89cb7bd3c5,2,1024,1024,1024,0
TCGA-AR-A0TZ-01A-01-TSA.e8ec1762-8ae8-46ca-bece-0f89cb7bd3c5,2,1024,1024,4096,0
TCGA-AR-A0TZ-01A-01-TSA.e8ec1762-8ae8-46ca-bece-0f89cb7bd3c5,2,1024,1024,4362,0
TCGA-AR-A0U2-01A-01-TSA.cb8df340-904c-4ff0-ac21-6f96d7c52d11,2,1024,1024,0,0
TCGA-AR-A0U3-01A-01-TS1.d323907a-72d3-4615-a960-76a6d85571e2,2,1024,1024,1024,0
TCGA-AR-A0U3-01A-01-TS1.d323907a-72d3-4615-a960-76a6d85571e2,2,1024,1024,1024,540
TCGA-AR-A0U3-01A-01-TS1.d323907a-72d3-4615-a960-76a6d85571e2,2,1024,1024,2048,540
TCGA-AR-A0U3-01A-01-TS1.d323907a-72d3-4615-a960-76a6d85571e2,2,1024,1024,4096,0
TCGA-AR-A0U3-01A-01-TS1.d323907a-72d3-4615-a960-76a6d85571e2,2,1024,1024,5120,0
TCGA-AR-A0U4-01A-01-TSA.e671596e-6974-40ec-8013-07cd699843d6,2,1024,1024,0,1024
TCGA-AR-A0U4-01A-01-TSA.e671596e-6974-40ec-8013-07cd699843d6,2,1024,1024,1024,1024
TCGA-AR-A0U4-01A-01-TSA.e671596e-6974-40ec-8013-07cd699843d6,2,1024,1024,3072,0
TCGA-AR-A0U4-01A-01-TSA.e671596e-6974-40ec-8013-07cd699843d6,2,1024,1024,3072,1024
TCGA-AR-A1AH-01A-01-TS1.a9093b0b-46fc-4b7f-8e6e-3ce53379d44e,2,1024,1024,1024,0
TCGA-AR-A1AH-01A-01-TS1.a9093b0b-46fc-4b7f-8e6e-3ce53379d44e,2,1024,1024,1024,1024
TCGA-AR-A1AH-01A-01-TS1.a9093b0b-46fc-4b7f-8e6e-3ce53379d44e,2,1024,1024,5120,1024
TCGA-AR-A1AH-01A-01-TS1.a9093b0b-46fc-4b7f-8e6e-3ce53379d44e,2,1024,1024,5120,1453
TCGA-AR-A1AJ-01A-02-TSB.cf9b042b-0dc7-4cce-a78c-3cd3616a31ec,2,1024,1024,0,0
TCGA-AR-A1AK-01A-02-TSB.4cd7ad23-1a24-4289-a684-27e2b5e5e8df,2,1024,1024,0,1024
TCGA-AR-A1AK-01A-02-TSB.4cd7ad23-1a24-4289-a684-27e2b5e5e8df,2,1024,1024,4096,1024
TCGA-AR-A1AL-01A-02-TSB.a5a169e3-b2b7-4a89-95fb-ee01621d32ee,2,1024,1024,3072,1024
TCGA-AR-A1AL-01A-02-TSB.a5a169e3-b2b7-4a89-95fb-ee01621d32ee,2,1024,1024,3072,1236
TCGA-AR-A1AL-01A-02-TSB.a5a169e3-b2b7-4a89-95fb-ee01621d32ee,2,1024,1024,4096,1024
TCGA-AR-A1AL-01A-02-TSB.a5a169e3-b2b7-4a89-95fb-ee01621d32ee,2,1024,1024,4096,1236
TCGA-AR-A1AM-01A-04-TSD.D770F269-CA14-4E17-B6AA-F2602A37B2F6,2,1024,1024,0,0
TCGA-AR-A1AM-01A-04-TSD.D770F269-CA14-4E17-B6AA-F2602A37B2F6,2,1024,1024,0,24
TCGA-AR-A1AM-01A-04-TSD.D770F269-CA14-4E17-B6AA-F2602A37B2F6,2,1024,1024,3072,0
TCGA-AR-A1AM-01A-04-TSD.D770F269-CA14-4E17-B6AA-F2602A37B2F6,2,1024,1024,3072,24
TCGA-AR-A1AM-01A-04-TSD.D770F269-CA14-4E17-B6AA-F2602A37B2F6,2,1024,1024,3438,0
TCGA-AR-A1AM-01A-04-TSD.D770F269-CA14-4E17-B6AA-F2602A37B2F6,2,1024,1024,3438,24
TCGA-AR-A1AN-01A-01-TS1.f27b0f08-345b-4950-9344-8f6c54ca576a,2,1024,1024,1024,0
TCGA-AR-A1AN-01A-01-TS1.f27b0f08-345b-4950-9344-8f6c54ca576a,2,1024,1024,1024,1024
TCGA-AR-A1AN-01A-01-TS1.f27b0f08-345b-4950-9344-8f6c54ca576a,2,1024,1024,4096,1024
TCGA-AR-A1AN-01A-01-TS1.f27b0f08-345b-4950-9344-8f6c54ca576a,2,1024,1024,5120,0
TCGA-AR-A1AN-01A-01-TS1.f27b0f08-345b-4950-9344-8f6c54ca576a,2,1024,1024,5120,1024
TCGA-AR-A1AO-01A-01-TSA.b77b7b53-7cf8-4ea5-b705-c041ca6e16a7,2,1024,1024,1024,0
TCGA-AR-A1AO-01A-01-TSA.b77b7b53-7cf8-4ea5-b705-c041ca6e16a7,2,1024,1024,1024,960
TCGA-AR-A1AO-01A-01-TSA.b77b7b53-7cf8-4ea5-b705-c041ca6e16a7,2,1024,1024,4096,960
TCGA-AR-A1AP-01A-01-TSA.462d1ac8-1c00-4690-9d0e-975853c4c5f2,2,1024,1024,1024,0
TCGA-AR-A1AP-01A-01-TSA.462d1ac8-1c00-4690-9d0e-975853c4c5f2,2,1024,1024,1024,487
TCGA-AR-A1AP-01A-01-TSA.462d1ac8-1c00-4690-9d0e-975853c4c5f2,2,1024,1024,4096,0
TCGA-AR-A1AP-01A-01-TSA.462d1ac8-1c00-4690-9d0e-975853c4c5f2,2,1024,1024,4096,487
TCGA-AR-A1AQ-01A-01-TSA.113b2018-7bb9-44bd-aa80-63eaf688b555,2,1024,1024,1024,0
TCGA-AR-A1AQ-01A-01-TSA.113b2018-7bb9-44bd-aa80-63eaf688b555,2,1024,1024,3072,0
TCGA-AR-A1AR-01A-03-TSC.3013e9be-aa3e-4986-990c-559982f00e36,2,1024,1024,3072,537
TCGA-AR-A1AS-01A-01-TSA.235f24b3-d72a-419e-8f5c-ffc808dc06be,2,1024,1024,3072,0
TCGA-AR-A1AS-01A-01-TSA.235f24b3-d72a-419e-8f5c-ffc808dc06be,2,1024,1024,3165,0
TCGA-AR-A1AT-01A-01-TSA.ea146368-893f-4524-b72a-df5beb9a80da,2,1024,1024,1024,798
TCGA-AR-A1AU-01A-01-TSA.1fc40e4b-617f-48fb-a990-4629b38fd8c8,2,1024,1024,1024,0
TCGA-AR-A1AU-01A-01-TSA.1fc40e4b-617f-48fb-a990-4629b38fd8c8,2,1024,1024,1024,312
TCGA-AR-A1AV-01A-02-TSB.8aac8e77-5af5-4958-86e8-5883c88630fb,2,1024,1024,4096,0
TCGA-AR-A1AV-01A-02-TSB.8aac8e77-5af5-4958-86e8-5883c88630fb,2,1024,1024,4096,580
TCGA-AR-A1AW-01A-02-TSB.d237252f-1ece-4bc3-b84c-d7de505c0a56,2,1024,1024,4096,0
TCGA-AR-A1AX-01A-01-TSA.e03239a3-c62c-4c9d-bb14-df0d8e6cc2dd,2,1024,1024,1024,0
TCGA-AR-A1AX-01A-01-TSA.e03239a3-c62c-4c9d-bb14-df0d8e6cc2dd,2,1024,1024,5120,746
TCGA-AR-A1AY-01A-02-TSB.e0874118-a71e-441f-932a-462fa18e32ff,2,1024,1024,4096,0
TCGA-AR-A1AY-01A-02-TSB.e0874118-a71e-441f-932a-462fa18e32ff,2,1024,1024,4096,1024
TCGA-AR-A1AY-01A-02-TSB.e0874118-a71e-441f-932a-462fa18e32ff,2,1024,1024,4096,1071
TCGA-AR-A2LK-01A-01-TSA.53C36847-0443-432D-97FF-02949CCBA21B,2,1024,1024,0,0
TCGA-AR-A2LK-01A-01-TSA.53C36847-0443-432D-97FF-02949CCBA21B,2,1024,1024,3072,0
TCGA-AR-A2LK-01A-01-TSA.53C36847-0443-432D-97FF-02949CCBA21B,2,1024,1024,3200,0
TCGA-AR-A2LM-01A-01-TSA.F74C259B-C369-43F7-8D4C-9C0F71DCB07E,2,1024,1024,0,1024
TCGA-AR-A2LM-01A-01-TSA.F74C259B-C369-43F7-8D4C-9C0F71DCB07E,2,1024,1024,3072,1024
TCGA-AR-A2LM-01A-01-TSA.F74C259B-C369-43F7-8D4C-9C0F71DCB07E,2,1024,1024,3072,1929
TCGA-AR-A2LM-01A-01-TSA.F74C259B-C369-43F7-8D4C-9C0F71DCB07E,2,1024,1024,3735,1929
TCGA-AR-A2LN-01A-02-TSB.4430D89C-595E-49C3-A552-96C1E19F30E1,2,1024,1024,0,0
TCGA-AR-A2LQ-01A-02-TSB.EF435791-DA76-4A80-8C17-A3349BF10722,2,1024,1024,1024,0
TCGA-AR-A2LQ-01A-02-TSB.EF435791-DA76-4A80-8C17-A3349BF10722,2,1024,1024,3072,0
TCGA-AR-A2LQ-01A-02-TSB.EF435791-DA76-4A80-8C17-A3349BF10722,2,1024,1024,3072,1024
TCGA-AR-A2LQ-01A-02-TSB.EF435791-DA76-4A80-8C17-A3349BF10722,2,1024,1024,3072,1110
TCGA-AR-A2LR-01A-01-TSA.E8716040-4787-4C4B-903F-B26AB7FBDD6E,2,1024,1024,0,505
TCGA-AR-A2LR-01A-01-TSA.E8716040-4787-4C4B-903F-B26AB7FBDD6E,2,1024,1024,3072,0
TCGA-AR-A2LR-01A-01-TSA.E8716040-4787-4C4B-903F-B26AB7FBDD6E,2,1024,1024,3378,0
TCGA-AR-A5QN-01A-01-TSA.9C7C7262-11B4-4EBA-93EA-2AADAC2710AD,2,1024,1024,5120,0
TCGA-AR-A5QQ-01A-01-TSA.5063D04F-D334-4A1F-A2C5-D9B4D3B2D12D,2,1024,1024,0,0
TCGA-AR-A5QQ-01A-01-TSA.5063D04F-D334-4A1F-A2C5-D9B4D3B2D12D,2,1024,1024,4096,0
TCGA-AR-A5QQ-01A-01-TSA.5063D04F-D334-4A1F-A2C5-D9B4D3B2D12D,2,1024,1024,4096,490
TCGA-AR-A24H-01A-01-TSA.540626c5-7295-48b4-9e4f-5e41ec421aa1,2,1024,1024,3883,0
TCGA-AR-A24K-01A-01-TSA.42a4623b-f201-419b-a626-264b305dc01e,2,1024,1024,0,0
TCGA-AR-A24K-01A-01-TSA.42a4623b-f201-419b-a626-264b305dc01e,2,1024,1024,3072,0
TCGA-AR-A24K-01A-01-TSA.42a4623b-f201-419b-a626-264b305dc01e,2,1024,1024,3072,968
TCGA-AR-A24L-01A-01-TSA.639a9b22-0535-4832-b415-e3af5aee17fb,2,1024,1024,1024,0
TCGA-AR-A24L-01A-01-TSA.639a9b22-0535-4832-b415-e3af5aee17fb,2,1024,1024,1024,737
TCGA-AR-A24L-01A-01-TSA.639a9b22-0535-4832-b415-e3af5aee17fb,2,1024,1024,4096,0
TCGA-AR-A24L-01A-01-TSA.639a9b22-0535-4832-b415-e3af5aee17fb,2,1024,1024,4096,737
TCGA-AR-A24L-01A-01-TSA.639a9b22-0535-4832-b415-e3af5aee17fb,2,1024,1024,4721,0
TCGA-AR-A24L-01A-01-TSA.639a9b22-0535-4832-b415-e3af5aee17fb,2,1024,1024,4721,737
TCGA-AR-A24M-01A-01-TSA.8d488967-68ed-4b82-b164-40ed483aa8ac,2,1024,1024,1024,0
TCGA-AR-A24M-01A-01-TSA.8d488967-68ed-4b82-b164-40ed483aa8ac,2,1024,1024,3072,1024
TCGA-AR-A24M-01A-01-TSA.8d488967-68ed-4b82-b164-40ed483aa8ac,2,1024,1024,3072,1428
TCGA-AR-A24M-01A-01-TSA.8d488967-68ed-4b82-b164-40ed483aa8ac,2,1024,1024,3763,1024
TCGA-AR-A24M-01A-01-TSA.8d488967-68ed-4b82-b164-40ed483aa8ac,2,1024,1024,3763,1428
TCGA-AR-A24O-01A-01-TSA.6b58d894-4123-4ed5-a5ce-0139287cfda1,2,1024,1024,0,0
TCGA-AR-A24O-01A-01-TSA.6b58d894-4123-4ed5-a5ce-0139287cfda1,2,1024,1024,0,279
TCGA-AR-A24O-01A-01-TSA.6b58d894-4123-4ed5-a5ce-0139287cfda1,2,1024,1024,3072,0
TCGA-AR-A24O-01A-01-TSA.6b58d894-4123-4ed5-a5ce-0139287cfda1,2,1024,1024,3072,279
TCGA-AR-A24O-01A-01-TSA.6b58d894-4123-4ed5-a5ce-0139287cfda1,2,1024,1024,3883,0
TCGA-AR-A24O-01A-01-TSA.6b58d894-4123-4ed5-a5ce-0139287cfda1,2,1024,1024,3883,279
TCGA-AR-A24P-01A-01-TSA.98666bb0-dd9e-4c97-b886-87c994c63e93,2,1024,1024,0,0
TCGA-AR-A24Q-01A-01-TSA.cca6142d-12a1-410b-b480-7de4d6f3270f,2,1024,1024,0,982
TCGA-AR-A24Q-01A-01-TSA.cca6142d-12a1-410b-b480-7de4d6f3270f,2,1024,1024,3072,982
TCGA-AR-A24Q-01A-01-TSA.cca6142d-12a1-410b-b480-7de4d6f3270f,2,1024,1024,3763,0
TCGA-AR-A24Q-01A-01-TSA.cca6142d-12a1-410b-b480-7de4d6f3270f,2,1024,1024,3763,982
TCGA-AR-A24R-01A-01-TSA.56300dbf-4a49-4d9a-b616-bb750904f1b5,2,1024,1024,3072,0
TCGA-AR-A24R-01A-01-TSA.56300dbf-4a49-4d9a-b616-bb750904f1b5,2,1024,1024,3225,0
TCGA-AR-A24T-01A-01-TS1.3af5a9b7-b62c-4cf9-aa78-5671b180e901,2,1024,1024,1024,0
TCGA-AR-A24T-01A-01-TS1.3af5a9b7-b62c-4cf9-aa78-5671b180e901,2,1024,1024,1024,241
TCGA-AR-A24V-01A-02-TSB.7b8bf9db-edd3-490a-a14b-365e749e3b57,2,1024,1024,4096,0
TCGA-AR-A24V-01A-02-TSB.7b8bf9db-edd3-490a-a14b-365e749e3b57,2,1024,1024,4096,484
TCGA-AR-A24V-01A-02-TSB.7b8bf9db-edd3-490a-a14b-365e749e3b57,2,1024,1024,4302,0
TCGA-AR-A24V-01A-02-TSB.7b8bf9db-edd3-490a-a14b-365e749e3b57,2,1024,1024,4302,484
TCGA-AR-A24W-01A-01-TSA.a118d6a0-2b0e-4bb9-8ca6-e5f9eb9460d5,2,1024,1024,0,0
TCGA-AR-A24W-01A-01-TSA.a118d6a0-2b0e-4bb9-8ca6-e5f9eb9460d5,2,1024,1024,2048,780
TCGA-AR-A24W-01A-01-TSA.a118d6a0-2b0e-4bb9-8ca6-e5f9eb9460d5,2,1024,1024,2806,780
TCGA-AR-A24X-01A-01-TSA.51b6ebaf-bb07-442c-8c13-3379b44b9707,2,1024,1024,1024,0
TCGA-AR-A24X-01A-01-TSA.51b6ebaf-bb07-442c-8c13-3379b44b9707,2,1024,1024,5120,0
TCGA-AR-A24Z-01A-01-TSA.c9c1b686-7092-4b76-9ce1-7c0fd0b2821f,2,1024,1024,6948,0
TCGA-AR-A250-01A-03-TSC.ac0f9192-2961-470c-9fe6-fd72f7f07d0c,2,1024,1024,0,0
TCGA-AR-A250-01A-03-TSC.ac0f9192-2961-470c-9fe6-fd72f7f07d0c,2,1024,1024,4096,1015
TCGA-AR-A250-01A-03-TSC.ac0f9192-2961-470c-9fe6-fd72f7f07d0c,2,1024,1024,4688,1015
TCGA-AR-A252-01A-01-TSA.67f98277-46bd-4868-9f16-fbed2a257ddf,2,1024,1024,3072,0
TCGA-AR-A252-01A-01-TSA.67f98277-46bd-4868-9f16-fbed2a257ddf,2,1024,1024,3072,699
TCGA-AR-A254-01A-02-TSB.098d701e-d135-47a2-ba97-298a12462de1,2,1024,1024,0,0
TCGA-AR-A254-01A-02-TSB.098d701e-d135-47a2-ba97-298a12462de1,2,1024,1024,4033,0
TCGA-AR-A255-01A-01-TSA.85414c8e-dc54-4ae2-80dd-c58db439c5c7,2,1024,1024,0,0
TCGA-AR-A255-01A-01-TSA.85414c8e-dc54-4ae2-80dd-c58db439c5c7,2,1024,1024,0,566
TCGA-AR-A255-01A-01-TSA.85414c8e-dc54-4ae2-80dd-c58db439c5c7,2,1024,1024,3072,0
TCGA-AR-A255-01A-01-TSA.85414c8e-dc54-4ae2-80dd-c58db439c5c7,2,1024,1024,3072,566
TCGA-AR-A255-01A-01-TSA.85414c8e-dc54-4ae2-80dd-c58db439c5c7,2,1024,1024,3497,566
TCGA-AR-A256-01A-01-TSA.0a0e9510-e048-4b45-9dd8-2caabeaf918e,2,1024,1024,1024,0
TCGA-AR-A256-01A-01-TSA.0a0e9510-e048-4b45-9dd8-2caabeaf918e,2,1024,1024,1024,1024
TCGA-AR-A256-01A-01-TSA.0a0e9510-e048-4b45-9dd8-2caabeaf918e,2,1024,1024,1024,1062
TCGA-AR-A256-01A-01-TSA.0a0e9510-e048-4b45-9dd8-2caabeaf918e,2,1024,1024,4096,1024
TCGA-AR-A256-01A-01-TSA.0a0e9510-e048-4b45-9dd8-2caabeaf918e,2,1024,1024,4096,1062
TCGA-AR-A256-01A-01-TSA.0a0e9510-e048-4b45-9dd8-2caabeaf918e,2,1024,1024,5120,0
TCGA-B6-A0WT-01A-01-TS1.1e20d4bd-53be-4946-9d51-cafe0fd81c08,2,1024,1024,5120,1024
TCGA-B6-A0WT-01A-01-TS1.1e20d4bd-53be-4946-9d51-cafe0fd81c08,2,1024,1024,5120,1131
TCGA-B6-A1KC-01B-01-TS1.af22665c-5cc1-4c93-a95c-65580c40e7e1,2,1024,1024,0,-40
TCGA-B6-A1KC-01B-01-TS1.af22665c-5cc1-4c93-a95c-65580c40e7e1,2,1024,1024,1024,-40
TCGA-B6-A1KC-01B-01-TS1.af22665c-5cc1-4c93-a95c-65580c40e7e1,2,1024,1024,2048,-40
TCGA-B6-A408-01A-01-TS1.1D487FA0-42C1-4C5C-94A4-8D7F48EAB98F,2,1024,1024,0,0
TCGA-B6-A408-01A-01-TS1.1D487FA0-42C1-4C5C-94A4-8D7F48EAB98F,2,1024,1024,4096,0
TCGA-B6-A408-01A-01-TS1.1D487FA0-42C1-4C5C-94A4-8D7F48EAB98F,2,1024,1024,4152,0
TCGA-BH-A0AV-01A-03-MSC.f769a3c4-ee58-45c2-931e-d94b31981169,2,1024,1024,0,1024
TCGA-BH-A0AV-01A-03-MSC.f769a3c4-ee58-45c2-931e-d94b31981169,2,1024,1024,1024,0
TCGA-BH-A0AV-01A-03-MSC.f769a3c4-ee58-45c2-931e-d94b31981169,2,1024,1024,1024,1024
TCGA-BH-A0AV-01A-03-MSC.f769a3c4-ee58-45c2-931e-d94b31981169,2,1024,1024,3072,1024
TCGA-BH-A0AV-01A-03-MSC.f769a3c4-ee58-45c2-931e-d94b31981169,2,1024,1024,4096,0
TCGA-BH-A0AV-01A-03-MSC.f769a3c4-ee58-45c2-931e-d94b31981169,2,1024,1024,4096,1024
TCGA-BH-A0AW-01A-01-TSA.d3edff30-ce9c-4bb2-b698-4fdb7a078500,2,1024,1024,0,1024
TCGA-BH-A0AW-01A-01-TSA.d3edff30-ce9c-4bb2-b698-4fdb7a078500,2,1024,1024,1024,1024
TCGA-BH-A0AW-01A-01-TSA.d3edff30-ce9c-4bb2-b698-4fdb7a078500,2,1024,1024,1024,1834
TCGA-BH-A0AW-01A-01-TSA.d3edff30-ce9c-4bb2-b698-4fdb7a078500,2,1024,1024,2048,1024
TCGA-BH-A0AW-01A-01-TSA.d3edff30-ce9c-4bb2-b698-4fdb7a078500,2,1024,1024,3072,1024
TCGA-BH-A0AW-01A-01-TSA.d3edff30-ce9c-4bb2-b698-4fdb7a078500,2,1024,1024,3072,1834
TCGA-BH-A0AW-01A-01-TSA.d3edff30-ce9c-4bb2-b698-4fdb7a078500,2,1024,1024,6144,1024
TCGA-BH-A0AW-01A-01-TSA.d3edff30-ce9c-4bb2-b698-4fdb7a078500,2,1024,1024,7168,1024
TCGA-BH-A0AW-01A-01-TSA.d3edff30-ce9c-4bb2-b698-4fdb7a078500,2,1024,1024,7168,1834
TCGA-BH-A0AZ-01A-02-TSB.a9b7b640-d2bb-4e2a-820a-d621212eea2e,2,1024,1024,0,0
TCGA-BH-A0AZ-01A-02-TSB.a9b7b640-d2bb-4e2a-820a-d621212eea2e,2,1024,1024,1024,0
TCGA-BH-A0AZ-01A-02-TSB.a9b7b640-d2bb-4e2a-820a-d621212eea2e,2,1024,1024,1024,1024
TCGA-BH-A0AZ-01A-02-TSB.a9b7b640-d2bb-4e2a-820a-d621212eea2e,2,1024,1024,4096,1024
TCGA-BH-A0AZ-01A-02-TSB.a9b7b640-d2bb-4e2a-820a-d621212eea2e,2,1024,1024,5120,1024
TCGA-BH-A0AZ-01A-02-TSB.a9b7b640-d2bb-4e2a-820a-d621212eea2e,2,1024,1024,5120,1207
TCGA-BH-A0B0-01A-02-TSB.0eb990a6-1311-4909-8d86-03ae43a41227,2,1024,1024,0,1024
TCGA-BH-A0B0-01A-02-TSB.0eb990a6-1311-4909-8d86-03ae43a41227,2,1024,1024,1024,1024
TCGA-BH-A0B0-01A-02-TSB.0eb990a6-1311-4909-8d86-03ae43a41227,2,1024,1024,1024,1632
TCGA-BH-A0B0-01A-02-TSB.0eb990a6-1311-4909-8d86-03ae43a41227,2,1024,1024,5120,1024
TCGA-BH-A0B0-01A-02-TSB.0eb990a6-1311-4909-8d86-03ae43a41227,2,1024,1024,5120,1632
TCGA-BH-A0B0-01A-02-TSB.0eb990a6-1311-4909-8d86-03ae43a41227,2,1024,1024,6144,1024
TCGA-BH-A0B0-01A-02-TSB.0eb990a6-1311-4909-8d86-03ae43a41227,2,1024,1024,6144,1632
TCGA-BH-A0B1-01A-01-TSA.2739b8f3-4b3b-4f93-8a37-decb4367178a,2,1024,1024,0,0
TCGA-BH-A0B1-01A-01-TSA.2739b8f3-4b3b-4f93-8a37-decb4367178a,2,1024,1024,0,1024
TCGA-BH-A0B1-01A-01-TSA.2739b8f3-4b3b-4f93-8a37-decb4367178a,2,1024,1024,1024,0
TCGA-BH-A0B1-01A-01-TSA.2739b8f3-4b3b-4f93-8a37-decb4367178a,2,1024,1024,1024,1024
TCGA-BH-A0B1-01A-01-TSA.2739b8f3-4b3b-4f93-8a37-decb4367178a,2,1024,1024,1024,2048
TCGA-BH-A0B1-01A-01-TSA.2739b8f3-4b3b-4f93-8a37-decb4367178a,2,1024,1024,4096,1024
TCGA-BH-A0B1-01A-01-TSA.2739b8f3-4b3b-4f93-8a37-decb4367178a,2,1024,1024,5120,1024
TCGA-BH-A0B1-01A-01-TSA.2739b8f3-4b3b-4f93-8a37-decb4367178a,2,1024,1024,6144,1024
TCGA-BH-A0B4-01A-01-TSA.7471aa51-0284-421f-9c48-43ae81144c22,2,1024,1024,1024,1024
TCGA-BH-A0B4-01A-01-TSA.7471aa51-0284-421f-9c48-43ae81144c22,2,1024,1024,1024,2048
TCGA-BH-A0B4-01A-01-TSA.7471aa51-0284-421f-9c48-43ae81144c22,2,1024,1024,4096,1024
TCGA-BH-A0B4-01A-01-TSA.7471aa51-0284-421f-9c48-43ae81144c22,2,1024,1024,5120,1024
TCGA-BH-A0B6-01A-01-TSA.263AFB9B-2F32-4E0F-815A-9A45FF271800,2,1024,1024,0,0
TCGA-BH-A0B6-01A-01-TSA.263AFB9B-2F32-4E0F-815A-9A45FF271800,2,1024,1024,0,1024
TCGA-BH-A0B6-01A-01-TSA.263AFB9B-2F32-4E0F-815A-9A45FF271800,2,1024,1024,0,1059
TCGA-BH-A0B6-01A-01-TSA.263AFB9B-2F32-4E0F-815A-9A45FF271800,2,1024,1024,3072,0
TCGA-BH-A0B6-01A-01-TSA.263AFB9B-2F32-4E0F-815A-9A45FF271800,2,1024,1024,3072,1024
TCGA-BH-A0B6-01A-01-TSA.263AFB9B-2F32-4E0F-815A-9A45FF271800,2,1024,1024,3072,1059
TCGA-BH-A0B7-01A-01-TSA.c22d40fb-49bd-406f-bb75-83d655889804,2,1024,1024,2048,0
TCGA-BH-A0B7-01A-01-TSA.c22d40fb-49bd-406f-bb75-83d655889804,2,1024,1024,6144,1024
TCGA-BH-A0B7-01A-01-TSA.c22d40fb-49bd-406f-bb75-83d655889804,2,1024,1024,6144,1516
TCGA-BH-A0B7-01A-01-TSA.c22d40fb-49bd-406f-bb75-83d655889804,2,1024,1024,7168,1024
TCGA-BH-A0B7-01A-01-TSA.c22d40fb-49bd-406f-bb75-83d655889804,2,1024,1024,7773,1024
TCGA-BH-A0B8-01A-02-TSB.36cf2fc1-2b18-48e7-9d2d-0892fdf17b93,2,1024,1024,0,1024
TCGA-BH-A0B8-01A-02-TSB.36cf2fc1-2b18-48e7-9d2d-0892fdf17b93,2,1024,1024,1024,1024
TCGA-BH-A0B8-01A-02-TSB.36cf2fc1-2b18-48e7-9d2d-0892fdf17b93,2,1024,1024,4096,1024
TCGA-BH-A0B8-01A-02-TSB.36cf2fc1-2b18-48e7-9d2d-0892fdf17b93,2,1024,1024,6144,1024
TCGA-BH-A0BA-01A-01-TSA.9c9b5e0c-5e89-4dbc-be76-36aaca93c648,2,1024,1024,0,0
TCGA-BH-A0BA-01A-01-TSA.9c9b5e0c-5e89-4dbc-be76-36aaca93c648,2,1024,1024,3072,0
TCGA-BH-A0BA-01A-01-TSA.9c9b5e0c-5e89-4dbc-be76-36aaca93c648,2,1024,1024,3072,792
TCGA-BH-A0BA-01A-01-TSA.9c9b5e0c-5e89-4dbc-be76-36aaca93c648,2,1024,1024,3464,0
TCGA-BH-A0BC-01A-02-TSB.a7afb5f2-2676-428b-95c4-5b8764004820,2,1024,1024,0,1024
TCGA-BH-A0BC-01A-02-TSB.a7afb5f2-2676-428b-95c4-5b8764004820,2,1024,1024,1024,0
TCGA-BH-A0BC-01A-02-TSB.a7afb5f2-2676-428b-95c4-5b8764004820,2,1024,1024,1024,1024
TCGA-BH-A0BC-01A-02-TSB.a7afb5f2-2676-428b-95c4-5b8764004820,2,1024,1024,3072,1024
TCGA-BH-A0BC-01A-02-TSB.a7afb5f2-2676-428b-95c4-5b8764004820,2,1024,1024,4096,1024
TCGA-BH-A0BC-01A-02-TSB.a7afb5f2-2676-428b-95c4-5b8764004820,2,1024,1024,4302,1024
TCGA-BH-A0BG-01A-01-TSA.e8a4f7a5-137e-4647-9f9e-528f308112e3,2,1024,1024,0,1024
TCGA-BH-A0BG-01A-01-TSA.e8a4f7a5-137e-4647-9f9e-528f308112e3,2,1024,1024,5120,1024
TCGA-BH-A0BG-01A-01-TSA.e8a4f7a5-137e-4647-9f9e-528f308112e3,2,1024,1024,5120,1415
TCGA-BH-A0BM-11A-01-TSA.e9248134-2bbf-47ba-9b85-4f89f78dd58a,2,1024,1024,1024,0
TCGA-BH-A0BM-11A-01-TSA.e9248134-2bbf-47ba-9b85-4f89f78dd58a,2,1024,1024,1024,890
TCGA-BH-A0BM-11A-01-TSA.e9248134-2bbf-47ba-9b85-4f89f78dd58a,2,1024,1024,4096,0
TCGA-BH-A0BM-11A-01-TSA.e9248134-2bbf-47ba-9b85-4f89f78dd58a,2,1024,1024,5120,0
TCGA-BH-A0BM-11A-01-TSA.e9248134-2bbf-47ba-9b85-4f89f78dd58a,2,1024,1024,5120,890
TCGA-BH-A0BM-11A-01-TSA.e9248134-2bbf-47ba-9b85-4f89f78dd58a,2,1024,1024,7168,0
TCGA-BH-A0BM-11A-01-TSA.e9248134-2bbf-47ba-9b85-4f89f78dd58a,2,1024,1024,8192,0
TCGA-BH-A0BM-11A-01-TSA.e9248134-2bbf-47ba-9b85-4f89f78dd58a,2,1024,1024,8192,890
TCGA-BH-A0BO-11A-01-TSA.dd5e8987-6e95-4412-b76a-c36cadb44da9,2,1024,1024,1024,0
TCGA-BH-A0BO-11A-01-TSA.dd5e8987-6e95-4412-b76a-c36cadb44da9,2,1024,1024,2048,0
TCGA-BH-A0BO-11A-01-TSA.dd5e8987-6e95-4412-b76a-c36cadb44da9,2,1024,1024,5120,1024
TCGA-BH-A0BO-11A-01-TSA.dd5e8987-6e95-4412-b76a-c36cadb44da9,2,1024,1024,5120,1382
TCGA-BH-A0BO-11A-01-TSA.dd5e8987-6e95-4412-b76a-c36cadb44da9,2,1024,1024,6056,1024
TCGA-BH-A0BP-01A-01-TSA.7af1ff04-abb7-4c36-9316-8596f2053824,2,1024,1024,0,1024
TCGA-BH-A0BP-01A-01-TSA.7af1ff04-abb7-4c36-9316-8596f2053824,2,1024,1024,1024,1024
TCGA-BH-A0BP-01A-01-TSA.7af1ff04-abb7-4c36-9316-8596f2053824,2,1024,1024,4096,1024
TCGA-BH-A0BP-01A-01-TSA.7af1ff04-abb7-4c36-9316-8596f2053824,2,1024,1024,5120,1024
TCGA-BH-A0BP-01A-01-TSA.7af1ff04-abb7-4c36-9316-8596f2053824,2,1024,1024,5276,1024
TCGA-BH-A0BR-01A-02-TSB.c3274f30-ee10-44ef-a781-1441f0a4c659,2,1024,1024,5120,0
TCGA-BH-A0BT-01A-01-TSA.0d7af972-fe18-47c7-b863-2bb47d611f22,2,1024,1024,1024,1024
TCGA-BH-A0BT-01A-01-TSA.0d7af972-fe18-47c7-b863-2bb47d611f22,2,1024,1024,4096,0
TCGA-BH-A0BW-11A-01-TSA.a70c68c4-87db-48b3-ab77-c82a3f3e8c73,2,1024,1024,8192,1024
TCGA-BH-A0BW-11A-01-TSA.a70c68c4-87db-48b3-ab77-c82a3f3e8c73,2,1024,1024,8192,1345
TCGA-BH-A0C1-01B-01-TS1.34796b87-c808-47ff-8a33-ce181cd00674,2,1024,1024,4003,0
TCGA-BH-A0C7-01B-01-TSA.deec957f-1264-4169-945e-24d4bd1988cd,2,1024,1024,0,897
TCGA-BH-A0C7-01B-01-TSA.deec957f-1264-4169-945e-24d4bd1988cd,2,1024,1024,4096,897
TCGA-BH-A0C7-01B-01-TSA.deec957f-1264-4169-945e-24d4bd1988cd,2,1024,1024,4601,897
TCGA-BH-A0DG-11A-04-TSD.a5f6411b-ecf4-41e3-b251-0a34b488993b,2,1024,1024,0,0
TCGA-BH-A0DI-01A-02-TSB.c1a37b06-e872-44b7-9dd2-2b3e2b363076,2,1024,1024,2048,0
TCGA-BH-A0DI-01A-02-TSB.c1a37b06-e872-44b7-9dd2-2b3e2b363076,2,1024,1024,5120,1024
TCGA-BH-A0DI-01A-02-TSB.c1a37b06-e872-44b7-9dd2-2b3e2b363076,2,1024,1024,6144,0
TCGA-BH-A0DS-01A-01-TSA.2395f79e-a59e-4a9a-9814-4ed846745510,2,1024,1024,0,1024
TCGA-BH-A0DS-01A-01-TSA.2395f79e-a59e-4a9a-9814-4ed846745510,2,1024,1024,0,1038
TCGA-BH-A0DS-01A-01-TSA.2395f79e-a59e-4a9a-9814-4ed846745510,2,1024,1024,2048,1024
TCGA-BH-A0DS-01A-01-TSA.2395f79e-a59e-4a9a-9814-4ed846745510,2,1024,1024,2048,1038
TCGA-BH-A0DV-11A-02-TSB.5f525dec-2f6e-4dd5-86ca-e46e615d0d6a,2,1024,1024,0,0
TCGA-BH-A0DV-11A-02-TSB.5f525dec-2f6e-4dd5-86ca-e46e615d0d6a,2,1024,1024,0,413
TCGA-BH-A0DV-11A-02-TSB.5f525dec-2f6e-4dd5-86ca-e46e615d0d6a,2,1024,1024,2048,0
TCGA-BH-A0DV-11A-02-TSB.5f525dec-2f6e-4dd5-86ca-e46e615d0d6a,2,1024,1024,2048,413
TCGA-BH-A0DV-11A-02-TSB.5f525dec-2f6e-4dd5-86ca-e46e615d0d6a,2,1024,1024,2227,413
TCGA-BH-A0DX-01A-01-TSA.326ef6ce-5ee6-4b23-ab87-199c55107405,2,1024,1024,5120,1024
TCGA-BH-A0E0-01A-01-TSA.6d266771-231b-4305-afd9-ec77a67f2e73,2,1024,1024,1024,693
TCGA-BH-A0E0-01A-01-TSA.6d266771-231b-4305-afd9-ec77a67f2e73,2,1024,1024,5120,693
TCGA-BH-A0E0-01A-01-TSA.6d266771-231b-4305-afd9-ec77a67f2e73,2,1024,1024,6144,0
TCGA-BH-A0E1-01A-01-TSA.01da1142-7d58-419d-998b-acd3be403d31,2,1024,1024,1024,0
TCGA-BH-A0E1-01A-01-TSA.01da1142-7d58-419d-998b-acd3be403d31,2,1024,1024,5120,1024
TCGA-BH-A0E1-01A-01-TSA.01da1142-7d58-419d-998b-acd3be403d31,2,1024,1024,5120,1113
TCGA-BH-A0E2-01A-01-TSA.8220f6e4-60c4-40cf-836a-b420f70efa19,2,1024,1024,1024,0
TCGA-BH-A0E2-01A-01-TSA.8220f6e4-60c4-40cf-836a-b420f70efa19,2,1024,1024,1024,1024
TCGA-BH-A0E2-01A-01-TSA.8220f6e4-60c4-40cf-836a-b420f70efa19,2,1024,1024,2048,0
TCGA-BH-A0E2-01A-01-TSA.8220f6e4-60c4-40cf-836a-b420f70efa19,2,1024,1024,2048,1024
TCGA-BH-A0E2-01A-01-TSA.8220f6e4-60c4-40cf-836a-b420f70efa19,2,1024,1024,2048,1465
TCGA-BH-A0E2-01A-01-TSA.8220f6e4-60c4-40cf-836a-b420f70efa19,2,1024,1024,6144,1024
TCGA-BH-A0E2-01A-01-TSA.8220f6e4-60c4-40cf-836a-b420f70efa19,2,1024,1024,6144,1465
TCGA-BH-A0E2-01A-01-TSA.8220f6e4-60c4-40cf-836a-b420f70efa19,2,1024,1024,7168,0
TCGA-BH-A0E2-01A-01-TSA.8220f6e4-60c4-40cf-836a-b420f70efa19,2,1024,1024,7168,1024
TCGA-BH-A0E2-01A-01-TSA.8220f6e4-60c4-40cf-836a-b420f70efa19,2,1024,1024,7168,1465
TCGA-BH-A0E6-01A-01-TSA.54e2d7c5-0b53-4221-a8fe-af32465030ec,2,1024,1024,4096,0
TCGA-BH-A0E6-01A-01-TSA.54e2d7c5-0b53-4221-a8fe-af32465030ec,2,1024,1024,4096,1024
TCGA-BH-A0E6-01A-01-TSA.54e2d7c5-0b53-4221-a8fe-af32465030ec,2,1024,1024,5120,1024
TCGA-BH-A0E9-01B-01-MSA.dd6f8fe7-ceaa-4396-82c2-f27d12a6dd6b,2,1024,1024,1024,0
TCGA-BH-A0E9-01B-01-MSA.dd6f8fe7-ceaa-4396-82c2-f27d12a6dd6b,2,1024,1024,1024,796
TCGA-BH-A0E9-01B-01-MSA.dd6f8fe7-ceaa-4396-82c2-f27d12a6dd6b,2,1024,1024,2048,796
TCGA-BH-A0E9-01B-01-MSA.dd6f8fe7-ceaa-4396-82c2-f27d12a6dd6b,2,1024,1024,6144,0
TCGA-BH-A0E9-01B-01-MSA.dd6f8fe7-ceaa-4396-82c2-f27d12a6dd6b,2,1024,1024,6144,796
TCGA-BH-A0E9-01B-01-MSA.dd6f8fe7-ceaa-4396-82c2-f27d12a6dd6b,2,1024,1024,7168,796
TCGA-BH-A0EA-01A-01-TSA.90154ea1-6b76-4445-870e-d531d6fa1239,2,1024,1024,2048,2048
TCGA-BH-A0EA-01A-01-TSA.90154ea1-6b76-4445-870e-d531d6fa1239,2,1024,1024,5120,2048
TCGA-BH-A0EB-01A-01-TSA.12af0d04-ac02-49b1-b2a7-67af4dce098f,2,1024,1024,1024,0
TCGA-BH-A0EB-01A-01-TSA.12af0d04-ac02-49b1-b2a7-67af4dce098f,2,1024,1024,1024,1024
TCGA-BH-A0EB-01A-01-TSA.12af0d04-ac02-49b1-b2a7-67af4dce098f,2,1024,1024,2048,0
TCGA-BH-A0EB-01A-01-TSA.12af0d04-ac02-49b1-b2a7-67af4dce098f,2,1024,1024,2048,1024
TCGA-BH-A0EB-01A-01-TSA.12af0d04-ac02-49b1-b2a7-67af4dce098f,2,1024,1024,5120,0
TCGA-BH-A0EB-01A-01-TSA.12af0d04-ac02-49b1-b2a7-67af4dce098f,2,1024,1024,5120,1024
TCGA-BH-A0EB-01A-01-TSA.12af0d04-ac02-49b1-b2a7-67af4dce098f,2,1024,1024,5120,1648
TCGA-BH-A0EB-01A-01-TSA.12af0d04-ac02-49b1-b2a7-67af4dce098f,2,1024,1024,6144,1024
TCGA-BH-A0EB-01A-01-TSA.12af0d04-ac02-49b1-b2a7-67af4dce098f,2,1024,1024,6144,1648
TCGA-BH-A0EB-01A-01-TSA.12af0d04-ac02-49b1-b2a7-67af4dce098f,2,1024,1024,8192,0
TCGA-BH-A0EB-01A-01-TSA.12af0d04-ac02-49b1-b2a7-67af4dce098f,2,1024,1024,8192,1024
TCGA-BH-A0EB-01A-01-TSA.12af0d04-ac02-49b1-b2a7-67af4dce098f,2,1024,1024,8192,1648
TCGA-BH-A0EB-01A-01-TSA.12af0d04-ac02-49b1-b2a7-67af4dce098f,2,1024,1024,9216,1024
TCGA-BH-A0EB-01A-01-TSA.12af0d04-ac02-49b1-b2a7-67af4dce098f,2,1024,1024,9748,1024
TCGA-BH-A0EE-01A-01-TSA.73130d8d-377f-4924-b023-0908ec862747,2,1024,1024,4096,1024
TCGA-BH-A0EE-01A-01-TSA.73130d8d-377f-4924-b023-0908ec862747,2,1024,1024,6144,1024
TCGA-BH-A0EI-01A-01-TSA.b3d8fb78-8b4f-4185-a816-b5a7b4b0dc7f,2,1024,1024,0,1024
TCGA-BH-A0EI-01A-01-TSA.b3d8fb78-8b4f-4185-a816-b5a7b4b0dc7f,2,1024,1024,1024,0
TCGA-BH-A0EI-01A-01-TSA.b3d8fb78-8b4f-4185-a816-b5a7b4b0dc7f,2,1024,1024,1024,1024
TCGA-BH-A0EI-01A-01-TSA.b3d8fb78-8b4f-4185-a816-b5a7b4b0dc7f,2,1024,1024,4096,0
TCGA-BH-A0EI-01A-01-TSA.b3d8fb78-8b4f-4185-a816-b5a7b4b0dc7f,2,1024,1024,4096,1024
TCGA-BH-A0GY-01A-01-TSA.d5301721-b7af-4291-96dd-220436458f10,2,1024,1024,0,1024
TCGA-BH-A0GY-01A-01-TSA.d5301721-b7af-4291-96dd-220436458f10,2,1024,1024,1024,1024
TCGA-BH-A0GY-01A-01-TSA.d5301721-b7af-4291-96dd-220436458f10,2,1024,1024,4096,1024
TCGA-BH-A0GY-01A-01-TSA.d5301721-b7af-4291-96dd-220436458f10,2,1024,1024,4096,1691
TCGA-BH-A0GY-01A-01-TSA.d5301721-b7af-4291-96dd-220436458f10,2,1024,1024,5080,1691
TCGA-BH-A0GZ-01A-01-TSA.0f63b7d7-9142-4f14-a9fb-8c061a0fa4b8,2,1024,1024,2048,2048
TCGA-BH-A0GZ-01A-01-TSA.0f63b7d7-9142-4f14-a9fb-8c061a0fa4b8,2,1024,1024,5120,2048
TCGA-BH-A0H0-01A-01-TSA.70fed29e-bd3c-4cb6-92c4-0c16bd6048d6,2,1024,1024,1024,0
TCGA-BH-A0H0-01A-01-TSA.70fed29e-bd3c-4cb6-92c4-0c16bd6048d6,2,1024,1024,1024,1024
TCGA-BH-A0H0-01A-01-TSA.70fed29e-bd3c-4cb6-92c4-0c16bd6048d6,2,1024,1024,1024,2048
TCGA-BH-A0H0-01A-01-TSA.70fed29e-bd3c-4cb6-92c4-0c16bd6048d6,2,1024,1024,5120,1024
TCGA-BH-A0H0-01A-01-TSA.70fed29e-bd3c-4cb6-92c4-0c16bd6048d6,2,1024,1024,5120,2048
TCGA-BH-A0H0-01A-01-TSA.70fed29e-bd3c-4cb6-92c4-0c16bd6048d6,2,1024,1024,5120,2250
TCGA-BH-A0H0-01A-01-TSA.70fed29e-bd3c-4cb6-92c4-0c16bd6048d6,2,1024,1024,9216,0
TCGA-BH-A0H0-01A-01-TSA.70fed29e-bd3c-4cb6-92c4-0c16bd6048d6,2,1024,1024,9216,1024
TCGA-BH-A0H0-01A-01-TSA.70fed29e-bd3c-4cb6-92c4-0c16bd6048d6,2,1024,1024,9216,2048
TCGA-BH-A0H6-01A-02-TSB.c3d00ef3-faa9-416f-b8dd-85e30227482d,2,1024,1024,3072,1024
TCGA-BH-A0H6-01A-02-TSB.c3d00ef3-faa9-416f-b8dd-85e30227482d,2,1024,1024,7168,1024
TCGA-BH-A0H7-01A-01-TSA.3a4088bb-e65a-412e-9ac0-2188e424d02d,2,1024,1024,0,1024
TCGA-BH-A0H7-01A-01-TSA.3a4088bb-e65a-412e-9ac0-2188e424d02d,2,1024,1024,3072,0
TCGA-BH-A0H7-01A-01-TSA.3a4088bb-e65a-412e-9ac0-2188e424d02d,2,1024,1024,3072,1024
TCGA-BH-A0H7-01A-01-TSA.3a4088bb-e65a-412e-9ac0-2188e424d02d,2,1024,1024,4096,0
TCGA-BH-A0H7-01A-01-TSA.3a4088bb-e65a-412e-9ac0-2188e424d02d,2,1024,1024,6144,1024
TCGA-BH-A0H7-01A-01-TSA.3a4088bb-e65a-412e-9ac0-2188e424d02d,2,1024,1024,7168,1024
TCGA-BH-A0H7-01A-01-TSA.3a4088bb-e65a-412e-9ac0-2188e424d02d,2,1024,1024,7168,1665
TCGA-BH-A0H9-01A-01-TSA.c1e06445-62d2-4221-b1ff-3e8eb7cd3106,2,1024,1024,0,0
TCGA-BH-A0H9-01A-01-TSA.c1e06445-62d2-4221-b1ff-3e8eb7cd3106,2,1024,1024,0,150
TCGA-BH-A0H9-01A-01-TSA.c1e06445-62d2-4221-b1ff-3e8eb7cd3106,2,1024,1024,4096,0
TCGA-BH-A0H9-01A-01-TSA.c1e06445-62d2-4221-b1ff-3e8eb7cd3106,2,1024,1024,4096,150
TCGA-BH-A0H9-01A-01-TSA.c1e06445-62d2-4221-b1ff-3e8eb7cd3106,2,1024,1024,4242,0
TCGA-BH-A0H9-01A-01-TSA.c1e06445-62d2-4221-b1ff-3e8eb7cd3106,2,1024,1024,4242,150
TCGA-BH-A0HL-01A-01-TSA.2807c8d7-6e2a-421d-91dc-4ce76a1445a3,2,1024,1024,1024,1024
TCGA-BH-A0HL-01A-01-TSA.2807c8d7-6e2a-421d-91dc-4ce76a1445a3,2,1024,1024,4096,1024
TCGA-BH-A0HL-01A-01-TSA.2807c8d7-6e2a-421d-91dc-4ce76a1445a3,2,1024,1024,5120,1024
TCGA-BH-A0HL-01A-01-TSA.2807c8d7-6e2a-421d-91dc-4ce76a1445a3,2,1024,1024,8192,1024
TCGA-BH-A0HL-01A-01-TSA.2807c8d7-6e2a-421d-91dc-4ce76a1445a3,2,1024,1024,9216,1024
TCGA-BH-A0HN-01A-01-TSA.82c8d845-2b00-401b-af1a-70573b4a95d3,2,1024,1024,1024,0
TCGA-BH-A0HN-01A-01-TSA.82c8d845-2b00-401b-af1a-70573b4a95d3,2,1024,1024,1024,794
TCGA-BH-A0HN-01A-01-TSA.82c8d845-2b00-401b-af1a-70573b4a95d3,2,1024,1024,4096,0
TCGA-BH-A0HN-01A-01-TSA.82c8d845-2b00-401b-af1a-70573b4a95d3,2,1024,1024,4096,794
TCGA-BH-A0HN-01A-01-TSA.82c8d845-2b00-401b-af1a-70573b4a95d3,2,1024,1024,5120,0
TCGA-BH-A0HO-01A-01-TSA.927ed714-1749-44c9-bfb1-a55d65671692,2,1024,1024,3072,0
TCGA-BH-A0HO-01A-01-TSA.927ed714-1749-44c9-bfb1-a55d65671692,2,1024,1024,9216,0
TCGA-BH-A0HP-01A-01-TSA.f21bc9c8-67ad-4b4c-b9ac-5d824f2c0df8,2,1024,1024,1024,0
TCGA-BH-A0HP-01A-01-TSA.f21bc9c8-67ad-4b4c-b9ac-5d824f2c0df8,2,1024,1024,3072,0
TCGA-BH-A0HP-01A-01-TSA.f21bc9c8-67ad-4b4c-b9ac-5d824f2c0df8,2,1024,1024,6144,0
TCGA-BH-A0HP-01A-01-TSA.f21bc9c8-67ad-4b4c-b9ac-5d824f2c0df8,2,1024,1024,9216,0
TCGA-BH-A0HP-01A-01-TSA.f21bc9c8-67ad-4b4c-b9ac-5d824f2c0df8,2,1024,1024,9216,1024
TCGA-BH-A0HP-01A-01-TSA.f21bc9c8-67ad-4b4c-b9ac-5d824f2c0df8,2,1024,1024,9748,1024
TCGA-BH-A0HQ-01A-01-TSA.177676f4-76db-4918-a57e-99124cfa3f34,2,1024,1024,1024,1024
TCGA-BH-A0HQ-01A-01-TSA.177676f4-76db-4918-a57e-99124cfa3f34,2,1024,1024,1024,1915
TCGA-BH-A0HQ-01A-01-TSA.177676f4-76db-4918-a57e-99124cfa3f34,2,1024,1024,5120,1024
TCGA-BH-A0HQ-01A-01-TSA.177676f4-76db-4918-a57e-99124cfa3f34,2,1024,1024,9216,0
TCGA-BH-A0HQ-01A-01-TSA.177676f4-76db-4918-a57e-99124cfa3f34,2,1024,1024,9216,1024
TCGA-BH-A0HQ-01A-01-TSA.177676f4-76db-4918-a57e-99124cfa3f34,2,1024,1024,10240,1024
TCGA-BH-A0HQ-01A-01-TSA.177676f4-76db-4918-a57e-99124cfa3f34,2,1024,1024,10287,1024
TCGA-BH-A0HU-01A-01-TSA.2ff65f66-42b5-40fc-9ce8-d9ab4aa4bea5,2,1024,1024,4096,1024
TCGA-BH-A0HW-01A-01-TSA.ea044a0b-dc69-4fc0-951a-ab4a8c9feff0,2,1024,1024,0,1024
TCGA-BH-A0HW-01A-01-TSA.ea044a0b-dc69-4fc0-951a-ab4a8c9feff0,2,1024,1024,1024,1024
TCGA-BH-A0HW-01A-01-TSA.ea044a0b-dc69-4fc0-951a-ab4a8c9feff0,2,1024,1024,1024,2048
TCGA-BH-A0HW-01A-01-TSA.ea044a0b-dc69-4fc0-951a-ab4a8c9feff0,2,1024,1024,5120,0
TCGA-BH-A0HW-01A-01-TSA.ea044a0b-dc69-4fc0-951a-ab4a8c9feff0,2,1024,1024,5120,1024
TCGA-BH-A0HW-01A-01-TSA.ea044a0b-dc69-4fc0-951a-ab4a8c9feff0,2,1024,1024,6144,1024
TCGA-BH-A0HX-01A-02-TSB.b80610f4-d074-4a7b-a5cc-e908ad2d9d6d,2,1024,1024,4096,0
TCGA-BH-A0HX-01A-02-TSB.b80610f4-d074-4a7b-a5cc-e908ad2d9d6d,2,1024,1024,8192,0
TCGA-BH-A0HY-01A-01-TSA.6e6e9bc1-754e-496f-90ef-461287eb7fbf,2,1024,1024,1024,0
TCGA-BH-A0HY-01A-01-TSA.6e6e9bc1-754e-496f-90ef-461287eb7fbf,2,1024,1024,1024,1024
TCGA-BH-A0HY-01A-01-TSA.6e6e9bc1-754e-496f-90ef-461287eb7fbf,2,1024,1024,4096,1024
TCGA-BH-A0HY-01A-01-TSA.6e6e9bc1-754e-496f-90ef-461287eb7fbf,2,1024,1024,5120,1024
TCGA-BH-A0W3-01A-01-TS1.bb03a842-a10c-46d5-a07b-829be4a3fb68,2,1024,1024,1024,0
TCGA-BH-A0W3-01A-01-TS1.bb03a842-a10c-46d5-a07b-829be4a3fb68,2,1024,1024,4096,0
TCGA-BH-A0W4-01A-01-TSA.f592ae5d-5e10-4502-ba88-cea79f42f77e,2,1024,1024,5120,0
TCGA-BH-A0W4-01A-01-TSA.f592ae5d-5e10-4502-ba88-cea79f42f77e,2,1024,1024,5120,1024
TCGA-BH-A0W4-01A-01-TSA.f592ae5d-5e10-4502-ba88-cea79f42f77e,2,1024,1024,5120,1101
TCGA-BH-A0W7-01A-01-MS1.450c62bd-b813-49cb-b6a9-5e483eff2247,2,1024,1024,0,0
TCGA-BH-A0W7-01A-01-MS1.450c62bd-b813-49cb-b6a9-5e483eff2247,2,1024,1024,1024,723
TCGA-BH-A0W7-01A-01-MS1.450c62bd-b813-49cb-b6a9-5e483eff2247,2,1024,1024,3072,0
TCGA-BH-A0W7-01A-01-MS1.450c62bd-b813-49cb-b6a9-5e483eff2247,2,1024,1024,4096,0
TCGA-BH-A0W7-01A-01-MS1.450c62bd-b813-49cb-b6a9-5e483eff2247,2,1024,1024,4096,723
TCGA-BH-A0W7-01A-01-MS1.450c62bd-b813-49cb-b6a9-5e483eff2247,2,1024,1024,4422,0
TCGA-BH-A0WA-01A-01-TS1.432bea0e-7c43-4b34-bee7-3ee094e87c40,2,1024,1024,5120,0
TCGA-BH-A0WA-01A-01-TS1.432bea0e-7c43-4b34-bee7-3ee094e87c40,2,1024,1024,5120,1024
TCGA-BH-A1EU-01A-01-TSA.ce198ff0-3faf-4c61-b810-eac6d14f9a28,2,1024,1024,1024,927
TCGA-BH-A1EU-01A-01-TSA.ce198ff0-3faf-4c61-b810-eac6d14f9a28,2,1024,1024,4096,0
TCGA-BH-A1EW-01A-01-TSA.9b039a90-0f89-4356-a277-2fa293021951,2,1024,1024,0,322
TCGA-BH-A1EW-01A-01-TSA.9b039a90-0f89-4356-a277-2fa293021951,2,1024,1024,3072,0
TCGA-BH-A1EW-01A-01-TSA.9b039a90-0f89-4356-a277-2fa293021951,2,1024,1024,3072,322
TCGA-BH-A1EX-01A-01-TSA.744ac7ab-1815-4c2c-9d49-26b51cbfe3af,2,1024,1024,4096,0
TCGA-BH-A1EY-01A-01-TSA.ccf39db7-4c9d-41a0-a961-b2819792db71,2,1024,1024,1024,0
TCGA-BH-A1EY-01A-01-TSA.ccf39db7-4c9d-41a0-a961-b2819792db71,2,1024,1024,4096,1024
TCGA-BH-A1EY-01A-01-TSA.ccf39db7-4c9d-41a0-a961-b2819792db71,2,1024,1024,4096,1277
TCGA-BH-A1F5-01A-01-TSA.1b252a9c-e4fa-4eb3-bc26-3140c42c4b31,2,1024,1024,6144,1024
TCGA-BH-A2L8-01A-01-TSA.BB86D75F-CD05-4200-A4B7-2D83C697D53A,2,1024,1024,1024,0
TCGA-BH-A2L8-01A-01-TSA.BB86D75F-CD05-4200-A4B7-2D83C697D53A,2,1024,1024,1024,1024
TCGA-BH-A2L8-01A-01-TSA.BB86D75F-CD05-4200-A4B7-2D83C697D53A,2,1024,1024,2048,0
TCGA-BH-A2L8-01A-01-TSA.BB86D75F-CD05-4200-A4B7-2D83C697D53A,2,1024,1024,2048,1024
TCGA-BH-A2L8-01A-01-TSA.BB86D75F-CD05-4200-A4B7-2D83C697D53A,2,1024,1024,6144,0
TCGA-BH-A2L8-01A-01-TSA.BB86D75F-CD05-4200-A4B7-2D83C697D53A,2,1024,1024,6144,1024
TCGA-BH-A2L8-01A-01-TSA.BB86D75F-CD05-4200-A4B7-2D83C697D53A,2,1024,1024,7168,0
TCGA-BH-A2L8-01A-01-TSA.BB86D75F-CD05-4200-A4B7-2D83C697D53A,2,1024,1024,7168,1024
TCGA-BH-A2L8-01A-01-TSA.BB86D75F-CD05-4200-A4B7-2D83C697D53A,2,1024,1024,7168,1300
TCGA-BH-A2L8-01A-01-TSA.BB86D75F-CD05-4200-A4B7-2D83C697D53A,2,1024,1024,8192,1024
TCGA-BH-A6R8-01A-02-TSB.0C127098-1764-4555-9588-1D2DE72561A1,2,1024,1024,5120,0
TCGA-BH-A6R8-01A-02-TSB.0C127098-1764-4555-9588-1D2DE72561A1,2,1024,1024,5120,261
TCGA-BH-A6R9-01A-02-TSB.2A3B365C-A41A-450B-BB31-798B87D3C423,2,1024,1024,1024,1024
TCGA-BH-A6R9-01A-02-TSB.2A3B365C-A41A-450B-BB31-798B87D3C423,2,1024,1024,1024,1292
TCGA-BH-A6R9-01A-02-TSB.2A3B365C-A41A-450B-BB31-798B87D3C423,2,1024,1024,4096,0
TCGA-BH-A6R9-01A-02-TSB.2A3B365C-A41A-450B-BB31-798B87D3C423,2,1024,1024,4096,1024
TCGA-BH-A6R9-01A-02-TSB.2A3B365C-A41A-450B-BB31-798B87D3C423,2,1024,1024,4096,1292
TCGA-BH-A6R9-01A-02-TSB.2A3B365C-A41A-450B-BB31-798B87D3C423,2,1024,1024,4747,1024
TCGA-BH-A8FY-01A-01-TSA.D4E0E11F-B9FB-4E9D-9F4D-5773A3077F9B,2,1024,1024,1024,507
TCGA-BH-A8FY-01A-01-TSA.D4E0E11F-B9FB-4E9D-9F4D-5773A3077F9B,2,1024,1024,5120,0
TCGA-BH-A8FY-01A-01-TSA.D4E0E11F-B9FB-4E9D-9F4D-5773A3077F9B,2,1024,1024,5120,507
TCGA-BH-A8FY-01A-01-TSA.D4E0E11F-B9FB-4E9D-9F4D-5773A3077F9B,2,1024,1024,5449,507
TCGA-BH-A8G0-01A-01-TSA.27CBC599-7861-4307-BEAB-E0FBF50C96F7,2,1024,1024,0,0
TCGA-BH-A8G0-01A-01-TSA.27CBC599-7861-4307-BEAB-E0FBF50C96F7,2,1024,1024,4096,0
TCGA-BH-A8G0-01A-01-TSA.27CBC599-7861-4307-BEAB-E0FBF50C96F7,2,1024,1024,5076,781
TCGA-BH-A18G-01A-01-TSA.a7ff1888-9f8a-4a64-b461-dde8acac284d,2,1024,1024,1024,0
TCGA-BH-A18H-01A-01-TSA.75dba5a3-f9f5-4ff4-814c-7d2451820e03,2,1024,1024,0,865
TCGA-BH-A18H-01A-01-TSA.75dba5a3-f9f5-4ff4-814c-7d2451820e03,2,1024,1024,3072,0
TCGA-BH-A18I-01A-01-TSA.ef056365-4256-4249-9632-5647ee23a6dc,2,1024,1024,5120,1024
TCGA-BH-A18I-01A-01-TSA.ef056365-4256-4249-9632-5647ee23a6dc,2,1024,1024,5619,1024
TCGA-BH-A18J-01A-01-TSA.43e0b6e6-640c-4ad1-9ca1-06030ab0b018,2,1024,1024,1024,0
TCGA-BH-A18J-01A-01-TSA.43e0b6e6-640c-4ad1-9ca1-06030ab0b018,2,1024,1024,1024,841
TCGA-BH-A18J-01A-01-TSA.43e0b6e6-640c-4ad1-9ca1-06030ab0b018,2,1024,1024,4096,0
TCGA-BH-A18J-01A-01-TSA.43e0b6e6-640c-4ad1-9ca1-06030ab0b018,2,1024,1024,5120,0
TCGA-BH-A18L-01A-03-TSC.6bf9df68-0928-475d-89d6-2d92223306f7,2,1024,1024,1024,0
TCGA-BH-A18L-01A-03-TSC.6bf9df68-0928-475d-89d6-2d92223306f7,2,1024,1024,4096,0
TCGA-BH-A18M-01A-01-TSA.b628e098-1358-4a68-a30f-8b044a26b405,2,1024,1024,4096,0
TCGA-BH-A18N-01A-01-TSA.fa28d892-c8d9-4e85-af22-24c75bb952f9,2,1024,1024,5120,1024
TCGA-BH-A18N-01A-01-TSA.fa28d892-c8d9-4e85-af22-24c75bb952f9,2,1024,1024,5738,1024
TCGA-BH-A18P-01A-01-TSA.26d6bd8a-dc3d-4d9f-8e79-3165cb7e73c3,2,1024,1024,0,0
TCGA-BH-A18P-01A-01-TSA.26d6bd8a-dc3d-4d9f-8e79-3165cb7e73c3,2,1024,1024,0,1024
TCGA-BH-A18P-01A-01-TSA.26d6bd8a-dc3d-4d9f-8e79-3165cb7e73c3,2,1024,1024,1024,1024
TCGA-BH-A18P-01A-01-TSA.26d6bd8a-dc3d-4d9f-8e79-3165cb7e73c3,2,1024,1024,3072,1024
TCGA-BH-A18U-01A-02-TSB.157a84f2-044a-4414-a029-d5b626e1b53e,2,1024,1024,3045,1024
TCGA-BH-A18U-01A-02-TSB.157a84f2-044a-4414-a029-d5b626e1b53e,2,1024,1024,3045,1097
TCGA-BH-A28O-01A-01-MS1.B25C7456-CDA1-4989-97F6-13B9AB7D3688,2,1024,1024,1024,1024
TCGA-BH-A28O-01A-01-MS1.B25C7456-CDA1-4989-97F6-13B9AB7D3688,2,1024,1024,5120,0
TCGA-BH-A28Q-01A-01-TSA.c1c6f077-05eb-435f-a8ed-ebb79bcba2cf,2,1024,1024,0,1024
TCGA-BH-A28Q-01A-01-TSA.c1c6f077-05eb-435f-a8ed-ebb79bcba2cf,2,1024,1024,0,1107
TCGA-BH-A28Q-01A-01-TSA.c1c6f077-05eb-435f-a8ed-ebb79bcba2cf,2,1024,1024,4096,0
TCGA-BH-A28Q-01A-01-TSA.c1c6f077-05eb-435f-a8ed-ebb79bcba2cf,2,1024,1024,4688,0
TCGA-BH-A42V-01A-01-TS1.34D6AC99-06D3-4A17-8519-2D71185DF7A4,2,1024,1024,5120,961
TCGA-BH-A202-01A-01-TSA.c8671f7f-1c8e-46f2-bb75-89786eda4c8e,2,1024,1024,4096,1024
TCGA-C8-A1HF-01A-01-TSA.d56d3e29-1711-49c8-8628-9210d1ddb71c,2,1024,1024,0,1024
TCGA-C8-A1HG-01A-01-TSA.6acb2e7b-9d83-424a-ba81-73c02863eaa4,2,1024,1024,3072,0
TCGA-C8-A1HG-01A-01-TSA.6acb2e7b-9d83-424a-ba81-73c02863eaa4,2,1024,1024,3072,873
TCGA-C8-A1HG-01A-01-TSA.6acb2e7b-9d83-424a-ba81-73c02863eaa4,2,1024,1024,3259,0
TCGA-C8-A1HK-01A-02-TSB.f5919eb9-e65f-4fbb-940a-f2c6af01c56f,2,1024,1024,1024,0
TCGA-C8-A1HK-01A-02-TSB.f5919eb9-e65f-4fbb-940a-f2c6af01c56f,2,1024,1024,1024,1024
TCGA-C8-A1HK-01A-02-TSB.f5919eb9-e65f-4fbb-940a-f2c6af01c56f,2,1024,1024,4096,1024
TCGA-C8-A1HM-01A-01-TSA.8a4cc75b-80ec-45e3-8b1a-a5e66aea10b5,2,1024,1024,3072,0
TCGA-C8-A1HO-01A-01-TSA.5331126c-9810-4054-9020-e5ff802166b5,2,1024,1024,0,0
TCGA-C8-A1HO-01A-01-TSA.5331126c-9810-4054-9020-e5ff802166b5,2,1024,1024,5120,1024
TCGA-C8-A3M7-01A-01-TS1.677A5F7E-ED18-477D-9CB7-315A4C0E2672,2,1024,1024,1024,0
TCGA-C8-A3M7-01A-01-TS1.677A5F7E-ED18-477D-9CB7-315A4C0E2672,2,1024,1024,1024,462
TCGA-C8-A3M7-01A-01-TS1.677A5F7E-ED18-477D-9CB7-315A4C0E2672,2,1024,1024,3974,0
TCGA-C8-A8HP-01A-01-TSA.C1048607-5CC7-4798-AA55-55C78B31C10D,2,1024,1024,1024,0
TCGA-C8-A8HP-01A-01-TSA.C1048607-5CC7-4798-AA55-55C78B31C10D,2,1024,1024,4096,0
TCGA-C8-A8HP-01A-01-TSA.C1048607-5CC7-4798-AA55-55C78B31C10D,2,1024,1024,4096,865
TCGA-C8-A8HQ-01A-01-TS1.899C4AC8-28EB-4E8D-9810-A860E89AE54F,2,1024,1024,1024,1024
TCGA-C8-A8HQ-01A-01-TS1.899C4AC8-28EB-4E8D-9810-A860E89AE54F,2,1024,1024,6144,1024
TCGA-C8-A9FZ-01A-01-TSA.FB8D2C5B-0387-421F-AD68-FF772F51F93F,2,1024,1024,0,0
TCGA-C8-A9FZ-01A-01-TSA.FB8D2C5B-0387-421F-AD68-FF772F51F93F,2,1024,1024,4096,0
TCGA-C8-A9FZ-01A-01-TSA.FB8D2C5B-0387-421F-AD68-FF772F51F93F,2,1024,1024,4096,647
TCGA-C8-A9FZ-01A-01-TSA.FB8D2C5B-0387-421F-AD68-FF772F51F93F,2,1024,1024,4702,0
TCGA-C8-A9FZ-01A-01-TSA.FB8D2C5B-0387-421F-AD68-FF772F51F93F,2,1024,1024,4702,647
TCGA-C8-A12M-01A-01-TSA.67d655a2-1838-4590-b72f-9853dc06d757,2,1024,1024,1024,0
TCGA-C8-A12M-01A-01-TSA.67d655a2-1838-4590-b72f-9853dc06d757,2,1024,1024,4096,0
TCGA-C8-A12M-01A-01-TSA.67d655a2-1838-4590-b72f-9853dc06d757,2,1024,1024,4096,1024
TCGA-C8-A12M-01A-01-TSA.67d655a2-1838-4590-b72f-9853dc06d757,2,1024,1024,4096,1057
TCGA-C8-A12M-01A-01-TSA.67d655a2-1838-4590-b72f-9853dc06d757,2,1024,1024,4556,0
TCGA-C8-A12N-01A-01-TS1.12467703-d419-4109-8a50-232366bf2c3b,2,1024,1024,1024,0
TCGA-C8-A12N-01A-01-TS1.12467703-d419-4109-8a50-232366bf2c3b,2,1024,1024,1024,864
TCGA-C8-A12N-01A-01-TS1.12467703-d419-4109-8a50-232366bf2c3b,2,1024,1024,5120,0
TCGA-C8-A12N-01A-01-TS1.12467703-d419-4109-8a50-232366bf2c3b,2,1024,1024,5120,864
TCGA-C8-A12N-01A-01-TS1.12467703-d419-4109-8a50-232366bf2c3b,2,1024,1024,5996,0
TCGA-C8-A12N-01A-01-TS1.12467703-d419-4109-8a50-232366bf2c3b,2,1024,1024,5996,864
TCGA-C8-A12O-01A-01-TSA.ba52cd91-3f6c-4507-a6b2-baad00effb08,2,1024,1024,1024,0
TCGA-C8-A12O-01A-01-TSA.ba52cd91-3f6c-4507-a6b2-baad00effb08,2,1024,1024,1024,1024
TCGA-C8-A12O-01A-01-TSA.ba52cd91-3f6c-4507-a6b2-baad00effb08,2,1024,1024,1024,1072
TCGA-C8-A12O-01A-01-TSA.ba52cd91-3f6c-4507-a6b2-baad00effb08,2,1024,1024,4096,0
TCGA-C8-A12O-01A-01-TSA.ba52cd91-3f6c-4507-a6b2-baad00effb08,2,1024,1024,4096,1024
TCGA-C8-A12O-01A-01-TSA.ba52cd91-3f6c-4507-a6b2-baad00effb08,2,1024,1024,4096,1072
TCGA-C8-A12P-01A-01-TSA.a635ee87-3392-4ce7-93a3-87fc5680e4e9,2,1024,1024,3072,0
TCGA-C8-A12P-01A-01-TSA.a635ee87-3392-4ce7-93a3-87fc5680e4e9,2,1024,1024,3072,617
TCGA-C8-A12Q-01A-01-TSA.b3023358-4c0f-4d25-a1e6-cd23f160f901,2,1024,1024,1024,0
TCGA-C8-A12Q-01A-01-TSA.b3023358-4c0f-4d25-a1e6-cd23f160f901,2,1024,1024,5120,0
TCGA-C8-A12Q-01A-01-TSA.b3023358-4c0f-4d25-a1e6-cd23f160f901,2,1024,1024,5120,942
TCGA-C8-A12Q-01A-01-TSA.b3023358-4c0f-4d25-a1e6-cd23f160f901,2,1024,1024,6144,942
TCGA-C8-A12T-01A-01-TSA.c02a2d06-ae14-49da-9f03-5f2f296ad012,2,1024,1024,0,1024
TCGA-C8-A12T-01A-01-TSA.c02a2d06-ae14-49da-9f03-5f2f296ad012,2,1024,1024,1024,1024
TCGA-C8-A12T-01A-01-TSA.c02a2d06-ae14-49da-9f03-5f2f296ad012,2,1024,1024,1024,1576
TCGA-C8-A12T-01A-01-TSA.c02a2d06-ae14-49da-9f03-5f2f296ad012,2,1024,1024,4096,0
TCGA-C8-A12T-01A-01-TSA.c02a2d06-ae14-49da-9f03-5f2f296ad012,2,1024,1024,5120,0
TCGA-C8-A12V-01A-01-TSA.e3f84baa-0829-4683-a26c-b50c7f732f4a,2,1024,1024,0,0
TCGA-C8-A12V-01A-01-TSA.e3f84baa-0829-4683-a26c-b50c7f732f4a,2,1024,1024,1024,498
TCGA-C8-A12V-01A-01-TSA.e3f84baa-0829-4683-a26c-b50c7f732f4a,2,1024,1024,4096,498
TCGA-C8-A12W-01A-01-TSA.763f7b10-e613-4d9a-be67-4329e670f882,2,1024,1024,0,1024
TCGA-C8-A12W-01A-01-TSA.763f7b10-e613-4d9a-be67-4329e670f882,2,1024,1024,1024,1024
TCGA-C8-A12W-01A-01-TSA.763f7b10-e613-4d9a-be67-4329e670f882,2,1024,1024,1024,1635
TCGA-C8-A12W-01A-01-TSA.763f7b10-e613-4d9a-be67-4329e670f882,2,1024,1024,2048,1024
TCGA-C8-A12W-01A-01-TSA.763f7b10-e613-4d9a-be67-4329e670f882,2,1024,1024,2048,1635
TCGA-C8-A12W-01A-01-TSA.763f7b10-e613-4d9a-be67-4329e670f882,2,1024,1024,4096,1024
TCGA-C8-A12W-01A-01-TSA.763f7b10-e613-4d9a-be67-4329e670f882,2,1024,1024,5120,0
TCGA-C8-A12W-01A-01-TSA.763f7b10-e613-4d9a-be67-4329e670f882,2,1024,1024,5120,1024
TCGA-C8-A12W-01A-01-TSA.763f7b10-e613-4d9a-be67-4329e670f882,2,1024,1024,6144,0
TCGA-C8-A12W-01A-01-TSA.763f7b10-e613-4d9a-be67-4329e670f882,2,1024,1024,6144,1024
TCGA-C8-A12W-01A-01-TSA.763f7b10-e613-4d9a-be67-4329e670f882,2,1024,1024,6457,1024
TCGA-C8-A12X-01A-01-TSA.3436a21f-d32b-4645-b767-c6cd450893f0,2,1024,1024,3072,0
TCGA-C8-A12X-01A-01-TSA.3436a21f-d32b-4645-b767-c6cd450893f0,2,1024,1024,3072,980
TCGA-C8-A12X-01A-01-TSA.3436a21f-d32b-4645-b767-c6cd450893f0,2,1024,1024,4063,0
TCGA-C8-A12Z-01A-01-TSA.d85a700f-8886-4b59-8ceb-d1d8e15fdd19,2,1024,1024,5559,0
TCGA-C8-A12Z-01A-01-TSA.d85a700f-8886-4b59-8ceb-d1d8e15fdd19,2,1024,1024,5559,524
TCGA-C8-A26V-01A-01-TSA.6f7b2a1a-a487-4abb-af3b-ae0fe016d832,2,1024,1024,0,299
TCGA-C8-A26V-01A-01-TSA.6f7b2a1a-a487-4abb-af3b-ae0fe016d832,2,1024,1024,3072,0
TCGA-C8-A26V-01A-01-TSA.6f7b2a1a-a487-4abb-af3b-ae0fe016d832,2,1024,1024,3072,299
TCGA-C8-A26X-01A-03-TSC.d9c6926f-687a-47a1-9427-a00b7040d661,2,1024,1024,0,0
TCGA-C8-A26X-01A-03-TSC.d9c6926f-687a-47a1-9427-a00b7040d661,2,1024,1024,1024,0
TCGA-C8-A26X-01A-03-TSC.d9c6926f-687a-47a1-9427-a00b7040d661,2,1024,1024,3072,0
TCGA-C8-A26X-01A-03-TSC.d9c6926f-687a-47a1-9427-a00b7040d661,2,1024,1024,3072,629
